1193,1103,1075,1086,1069,1200,1233,1258,1285,1282,1336,1375,1412,1347,1410,1451,1488,1400,1489,1550,1604
1189,1099,1064,1074,1064,1191,1221,1248,1274,1272,1326,1364,1399,1335,1396,1434,1468,1384,1471,1531,1585
1191,1103,1073,1086,1072,1198,1231,1258,1285,1279,1337,1376,1411,1341,1406,1446,1481,1390,1478,1540,1595
1196,1115,1089,1102,1102,1222,1257,1285,1314,1302,1362,1404,1440,1362,1429,1472,1507,1408,1497,1559,1614
1213,1132,1106,1117,1113,1236,1273,1303,1333,1315,1379,1422,1459,1372,1443,1486,1523,1415,1507,1570,1626
1231,1155,1134,1150,1146,1268,1314,1347,1379,1343,1413,1462,1505,1396,1472,1521,1563,1435,1529,1593,1650
1216,1154,1144,1162,1166,1288,1344,1380,1414,1356,1438,1490,1534,1400,1492,1552,1602,1426,1530,1598,1656
1224,1160,1147,1166,1166,1289,1344,1381,1416,1357,1444,1497,1543,1402,1494,1551,1600,1429,1531,1597,1657
1202,1151,1160,1185,1185,1308,1390,1450,1509,1359,1465,1541,1612,1381,1484,1556,1623,1385,1487,1557,1619
1195,1148,1153,1171,1173,1291,1378,1438,1497,1330,1436,1510,1581,1344,1445,1513,1577,1342,1443,1509,1570
1176,1137,1144,1160,1165,1253,1348,1407,1468,1284,1355,1367,1390,1290,1341,1360,1389,1283,1352,1399,1446
1332,1292,1261,1250,1272,1292,1206,1133,1061,1277,1152,1064,995,1262,1133,1052,990,1239,1156,1116,1086
1383,1336,1295,1296,1320,1294,1122,1020,937,1287,1095,989,910,1275,1100,1006,942,1252,1162,1104,1062
1311,1264,1195,1140,1095,1248,1087,998,925,1274,1064,960,882,1285,1083,1009,965,1289,1166,1090,1029
1346,1279,1199,1131,1096,1228,1075,1021,993,1254,1076,973,893,1267,1116,1048,1005,1271,1164,1103,1054
1253,1165,1108,1065,1023,1164,1057,977,900,1192,1109,1047,996,1220,1160,1102,1050,1241,1250,1246,1235
1257,1163,1091,1035,988,1132,1039,992,946,1168,1077,1002,930,1211,1162,1110,1054,1252,1266,1253,1226
1258,1166,1098,1055,1023,1136,1059,1000,946,1171,1087,1057,1035,1215,1155,1097,1035,1255,1261,1251,1224
1249,1159,1093,1060,1038,1129,1054,996,949,1164,1087,1048,1027,1208,1156,1105,1058,1254,1261,1259,1249
1228,1153,1096,1066,1035,1139,1090,1041,995,1172,1093,1031,987,1213,1166,1116,1071,1258,1266,1263,1253
1267,1174,1111,1060,1012,1222,1176,1148,1118,1246,1165,1101,1044,1266,1219,1177,1133,1279,1307,1322,1327
1273,1181,1115,1065,1020,1226,1185,1157,1128,1249,1169,1106,1051,1268,1212,1170,1128,1279,1298,1311,1314
1238,1150,1093,1045,993,1201,1240,1216,1178,1240,1265,1225,1182,1271,1242,1178,1126,1290,1326,1347,1365
1261,1169,1102,1047,990,1220,1242,1208,1168,1272,1300,1298,1289,1309,1236,1142,1072,1326,1326,1345,1370
1240,1152,1103,1064,1010,1257,1324,1259,1198,1294,1281,1215,1181,1302,1216,1133,1085,1302,1277,1279,1287
1219,1138,1093,1042,987,1250,1329,1272,1207,1297,1268,1196,1147,1315,1218,1113,1043,1320,1271,1231,1212
1171,1104,1084,1059,1015,1268,1300,1204,1106,1298,1207,1077,987,1300,1201,1081,994,1285,1218,1154,1111
1130,1081,1070,1057,1043,1242,1305,1248,1167,1273,1170,1056,974,1271,1154,1054,975,1254,1196,1150,1115
1144,1100,1080,1064,1056,1247,1302,1246,1167,1285,1177,1059,977,1282,1165,1063,986,1262,1198,1144,1102
1204,1178,1149,1105,1070,1270,1265,1205,1134,1294,1146,1034,957,1284,1142,1058,1000,1258,1172,1120,1085
1209,1179,1144,1099,1065,1260,1254,1211,1146,1288,1119,1007,926,1282,1124,1036,970,1258,1164,1114,1079
1253,1227,1190,1147,1114,1277,1245,1223,1185,1301,1157,1055,980,1300,1163,1073,1003,1283,1198,1148,1112
1243,1221,1200,1146,1108,1297,1296,1295,1278,1322,1190,1087,1008,1315,1185,1093,1017,1287,1220,1186,1161
1227,1194,1168,1124,1081,1299,1323,1295,1257,1342,1211,1112,1045,1346,1202,1118,1060,1338,1261,1227,1210
1228,1186,1163,1122,1078,1302,1319,1296,1267,1344,1223,1126,1064,1351,1219,1129,1067,1342,1293,1267,1247
1205,1157,1146,1120,1079,1288,1309,1262,1223,1331,1240,1148,1101,1342,1232,1135,1079,1336,1317,1301,1291
1205,1152,1138,1117,1077,1284,1289,1240,1204,1324,1226,1141,1101,1337,1225,1137,1088,1335,1308,1288,1276
1222,1161,1133,1109,1065,1286,1268,1225,1196,1322,1218,1136,1098,1333,1223,1139,1096,1329,1295,1266,1246
778,868,975,1052,1100,999,1095,1156,1199,967,1043,1024,980,930,1000,986,944,902,960,942,907
706,819,938,1030,1085,986,1068,1110,1143,942,990,969,934,886,927,902,865,836,867,844,812
707,825,919,972,1004,957,981,944,924,892,914,888,872,820,847,826,810,751,784,767,754
742,862,954,1023,1082,957,964,934,924,887,894,876,872,813,826,813,811,743,766,756,750
860,931,985,994,1000,1060,1025,971,940,996,934,875,840,925,863,836,830,857,807,799,803
1054,1017,1002,1050,1108,994,982,996,1011,1051,1062,1081,1090,1102,1133,1146,1142,1148,1178,1180,1168
1108,1001,899,836,778,847,766,725,694,891,900,961,1013,937,918,951,984,975,921,891,872
1211,1151,1107,1132,1169,1120,1128,1137,1148,1198,1203,1206,1207,1264,1284,1267,1255,1319,1332,1316,1303
1219,1173,1135,1157,1207,1151,1143,1150,1152,1208,1199,1208,1207,1258,1268,1265,1249,1309,1330,1318,1293
1216,1184,1159,1187,1227,1144,1140,1149,1152,1197,1205,1211,1204,1249,1273,1272,1251,1301,1334,1324,1298
1176,1213,1252,1269,1269,1281,1326,1333,1324,1230,1264,1266,1259,1173,1195,1199,1196,1112,1124,1136,1140
1204,1152,1121,1163,1210,1120,1122,1129,1138,1186,1197,1198,1202,1250,1269,1258,1252,1303,1322,1303,1291
1132,1183,1253,1280,1273,1260,1312,1299,1269,1204,1255,1255,1235,1146,1185,1202,1192,1084,1109,1135,1141
1142,1167,1206,1257,1305,1252,1313,1345,1349,1227,1291,1323,1328,1199,1247,1265,1266,1173,1211,1225,1228
1156,1164,1198,1254,1303,1252,1317,1343,1338,1276,1355,1366,1341,1291,1364,1370,1349,1298,1356,1362,1346
933,1059,1192,1307,1385,1229,1304,1343,1371,1168,1219,1199,1165,1101,1148,1121,1085,1037,1077,1051,1021
894,1020,1153,1261,1340,1197,1204,1166,1140,1138,1147,1116,1086,1068,1079,1051,1021,999,1013,991,969
874,997,1132,1236,1313,1167,1156,1120,1107,1111,1106,1075,1057,1045,1048,1024,1007,976,991,971,957
858,979,1100,1198,1278,1140,1124,1087,1072,1084,1067,1033,1018,1014,1007,981,968,941,947,926,917
877,993,1061,1061,1028,1106,1073,1044,1043,1040,1014,989,988,966,955,934,932,891,898,883,879
870,981,1046,1042,1009,1088,1059,1027,1026,1015,993,965,965,935,930,908,909,855,863,852,851
857,951,1002,986,968,1078,1047,1011,1005,995,970,944,943,907,894,873,870,822,821,819,822
841,946,1007,994,964,1070,1052,999,982,986,974,939,935,899,900,876,873,816,820,814,815
882,988,1035,1039,979,1002,1064,1042,1011,943,978,967,953,877,895,887,878,807,783,787,785
875,986,1025,1008,960,1058,1044,999,968,963,959,922,926,872,871,854,860,799,781,777,782
875,954,1028,1065,1070,1079,1112,1089,1045,997,1027,1002,987,905,917,911,905,808,804,821,834
946,1033,1116,1129,1087,1117,1169,1186,1169,1011,1038,1068,1067,902,912,958,974,784,767,797,811
981,1095,1167,1171,1184,1224,1405,1501,1596,1073,1073,1068,1066,919,800,722,648,770,604,479,370
905,1030,1120,1134,1133,1190,1427,1562,1677,1043,1028,997,962,904,791,700,609,784,632,514,410
888,1031,1158,1202,1249,1231,1488,1634,1765,1088,1169,1194,1206,934,876,813,744,777,647,518,397
1133,1085,1044,1007,972,1016,956,922,893,1055,1021,999,986,1103,1107,1111,1117,1150,1178,1198,1217
1128,1074,1025,977,932,1013,964,933,909,1055,1036,1025,1018,1102,1114,1122,1132,1147,1179,1204,1227
1087,1021,961,913,861,982,939,913,893,1035,1027,1028,1032,1088,1110,1133,1152,1134,1171,1205,1236
1080,1016,955,903,847,982,935,907,886,1036,1025,1017,1015,1087,1114,1134,1155,1131,1172,1206,1238
1045,977,909,851,790,941,902,874,855,998,992,985,987,1050,1088,1114,1139,1095,1144,1189,1229
1041,972,901,838,772,930,887,861,841,990,976,965,958,1049,1086,1103,1115,1099,1141,1178,1215
1018,943,862,794,730,898,858,832,814,951,925,908,898,1006,992,985,982,1059,1077,1092,1106
1042,947,863,800,759,883,843,821,803,952,947,939,930,1022,1025,1002,978,1090,1106,1106,1101
989,1077,1155,1145,1113,1194,1355,1449,1525,1054,1085,1098,1099,919,847,798,758,798,659,553,467
976,1066,1150,1145,1136,1190,1350,1444,1521,1052,1084,1098,1098,922,858,814,776,801,673,572,489
989,1069,1138,1133,1164,1184,1334,1417,1482,1049,1075,1089,1088,925,861,822,790,811,688,595,520
978,1061,1138,1154,1192,1170,1316,1398,1460,1042,1072,1090,1092,924,870,839,813,818,696,603,530
972,1053,1131,1162,1221,1160,1296,1366,1420,1035,1053,1065,1066,925,872,837,809,828,708,620,552
930,1021,1109,1158,1223,1118,1253,1324,1377,1005,1025,1035,1034,903,847,813,783,816,710,631,566
933,1019,1100,1157,1222,1116,1233,1298,1345,1010,1022,1029,1024,908,852,814,784,821,719,647,588
937,1024,1104,1157,1225,1108,1213,1276,1324,1005,1020,1025,1023,908,858,823,800,825,736,676,629
925,1021,1104,1171,1252,1102,1194,1250,1295,1005,1020,1030,1032,908,858,824,799,821,724,658,602
893,1006,1105,1184,1266,1109,1213,1275,1325,1015,1047,1066,1074,918,889,869,855,830,769,732,702
893,1007,1116,1201,1287,1114,1204,1262,1314,1024,1053,1070,1081,928,912,899,892,837,776,739,709
891,1005,1113,1200,1289,1107,1194,1248,1297,1021,1050,1070,1081,928,913,896,882,839,775,736,703
881,993,1099,1184,1270,1093,1173,1224,1270,1007,1032,1048,1057,915,900,887,876,827,767,730,698
871,988,1094,1175,1258,1087,1161,1210,1256,1002,1025,1040,1049,910,899,886,875,822,765,733,705
870,983,1086,1165,1245,1075,1146,1192,1236,988,1011,1023,1029,896,887,876,867,809,743,705,672
867,980,1084,1163,1242,1082,1162,1213,1259,994,1012,1027,1036,900,888,877,867,813,750,711,675
861,981,1078,1157,1238,1076,1169,1224,1273,979,1016,1041,1058,875,844,837,836,780,685,645,617
861,970,1072,1149,1227,1059,1136,1176,1211,959,980,993,1002,862,836,821,810,779,696,656,628
864,972,1067,1141,1217,1051,1137,1174,1212,945,964,969,973,843,813,799,789,753,668,623,588
898,988,1070,1126,1181,1077,1151,1194,1233,989,1000,1007,1011,898,853,819,794,819,744,692,649
839,953,1038,1116,1191,1044,1137,1169,1188,950,998,1025,1046,849,829,819,818,755,668,616,585
826,947,1041,1117,1189,1044,1136,1171,1180,946,979,1015,1037,844,811,809,812,754,656,615,596
787,906,1013,1091,1171,1006,1108,1130,1124,892,906,925,935,775,754,780,810,672,619,621,637
774,906,1014,1094,1169,1004,1104,1118,1108,895,891,910,925,782,739,762,791,683,603,601,623
787,911,1007,1082,1132,974,1027,1069,1091,871,892,924,930,762,728,766,795,668,570,591,632
776,894,992,1054,1108,955,1015,1027,1031,829,816,826,843,724,668,686,726,639,552,557,593
762,884,969,1041,1112,904,949,961,972,784,750,763,794,680,620,645,689,604,522,545,595
762,775,787,847,936,747,726,721,732,764,796,813,830,775,753,765,778,774,749,768,803
1184,1092,1013,957,901,1120,1120,1087,1061,1194,1227,1222,1220,1247,1316,1350,1379,1283,1374,1439,1493
533,688,807,915,1020,547,658,727,758,416,551,625,626,322,445,521,529,251,322,393,413
562,720,814,882,975,563,615,677,724,416,490,571,608,312,375,458,493,244,280,353,386
653,730,736,652,553,678,652,640,625,572,506,439,378,471,400,333,274,377,271,190,116
624,743,770,741,691,715,729,716,696,594,569,543,518,479,418,375,347,384,273,200,148
640,719,699,632,578,695,708,699,680,594,570,541,512,494,425,371,330,412,305,225,157
644,740,733,616,488,710,705,675,649,597,540,484,437,496,395,327,280,412,284,198,134
644,736,739,619,485,713,699,660,630,590,526,461,406,486,384,309,252,412,288,204,134
639,736,747,618,477,713,698,658,627,588,520,450,394,486,381,304,246,413,292,207,137
669,761,752,623,487,701,657,602,553,569,457,367,290,467,321,222,144,403,251,154,72
693,772,747,616,470,718,661,593,532,580,457,348,255,468,313,195,108,396,246,144,63
731,804,769,639,491,736,665,585,512,591,451,327,218,476,306,164,55,410,252,140,47
739,819,790,648,499,735,649,566,490,584,437,313,206,472,295,155,46,408,247,129,28
752,841,801,662,502,721,618,513,410,562,374,221,87,458,247,94,-23,413,280,194,114
745,831,804,668,510,716,610,506,406,555,374,227,94,453,246,93,-27,414,280,190,108
751,842,841,726,593,615,457,339,226,499,374,319,267,449,432,544,628,436,442,519,585
1244,1185,1143,1119,1111,1146,1164,1187,1207,1206,1217,1228,1236,1258,1254,1251,1250,1302,1292,1281,1270
692,739,700,616,530,615,491,391,318,506,383,284,226,445,366,351,332,425,371,351,347
699,677,584,490,427,703,627,553,486,687,566,472,382,652,533,443,371,608,527,466,413
1218,1210,1189,1169,1160,1175,1150,1139,1117,1153,1121,1097,1072,1137,1110,1095,1081,1131,1133,1143,1150
1243,1163,1100,1076,1065,1083,1020,1008,992,1120,1074,1051,1023,1165,1135,1089,1042,1215,1233,1242,1249
463,489,573,672,762,614,740,829,912,613,762,853,924,578,653,646,654,526,533,515,512
521,457,470,506,569,560,637,698,769,658,762,839,939,716,775,814,866,745,769,769,788
552,492,481,509,564,569,652,717,789,661,771,855,947,710,792,821,853,736,790,780,776
577,506,481,536,610,585,664,723,781,696,806,901,984,754,759,693,647,783,787,745,716
592,524,492,536,607,585,631,670,714,679,770,860,942,733,747,700,669,770,782,743,720
666,579,534,557,598,641,714,763,815,736,783,798,805,796,778,707,647,833,820,772,734
854,853,819,750,645,780,726,670,603,737,603,491,397,720,646,597,537,719,679,636,594
728,753,738,649,584,729,602,520,471,635,490,392,323,558,486,548,611,511,497,546,597
498,519,585,625,639,765,943,1038,1122,831,979,914,851,855,990,928,868,866,938,877,826
465,518,635,728,764,817,966,1024,1060,858,997,956,902,868,1007,961,901,864,953,923,880
483,591,755,889,975,915,1046,1005,944,919,1081,1026,953,897,1066,1017,953,850,982,939,879
530,672,840,973,1059,950,1090,1064,1018,937,1119,1075,1014,903,1083,1032,975,840,991,951,896
629,808,948,1025,1059,1044,1151,1150,1128,997,1126,1100,1058,927,1057,1017,968,847,965,952,918
688,851,974,1037,1069,1043,1154,1152,1124,988,1096,1068,1031,917,1028,997,957,845,940,934,913
719,900,1015,1097,1143,1076,1114,1104,1083,1011,1044,1028,1004,940,973,957,935,865,886,883,871
804,955,1050,1108,1143,1083,1117,1126,1122,1018,1033,1055,1055,940,948,977,986,861,866,885,891
839,974,1061,1109,1122,1045,1039,1063,1072,984,962,994,1006,920,896,940,958,854,829,866,891
1242,1280,1322,1290,1228,1523,1662,1759,1839,1481,1594,1668,1725,1397,1464,1499,1524,1291,1304,1307,1310
1164,1202,1251,1261,1250,1442,1563,1632,1694,1452,1631,1740,1832,1410,1553,1642,1722,1338,1401,1438,1483
1146,1165,1210,1227,1219,1408,1506,1552,1590,1439,1602,1711,1809,1414,1563,1655,1741,1352,1449,1512,1575
1144,1149,1160,1140,1135,1376,1461,1449,1422,1419,1569,1664,1749,1411,1563,1651,1733,1367,1475,1544,1610
1124,1127,1145,1141,1132,1317,1381,1312,1240,1353,1452,1459,1448,1364,1478,1545,1596,1353,1459,1530,1591
1130,1117,1130,1132,1125,1301,1389,1310,1224,1335,1457,1504,1547,1345,1467,1537,1602,1337,1446,1523,1593
1119,1091,1103,1099,1095,1226,1311,1287,1248,1257,1285,1218,1170,1282,1344,1363,1388,1305,1386,1439,1496
1109,1075,1086,1093,1081,1191,1240,1222,1199,1221,1262,1225,1194,1251,1281,1229,1185,1279,1361,1410,1455
1114,1076,1078,1085,1085,1145,1158,1110,1063,1182,1186,1134,1092,1219,1240,1185,1138,1250,1309,1347,1383
1125,1077,1081,1077,1057,1170,1228,1186,1138,1192,1169,1092,1033,1210,1192,1122,1070,1229,1280,1311,1343
1168,1087,1084,1089,1089,1198,1187,1138,1100,1218,1114,1037,988,1219,1120,1025,959,1208,1209,1212,1218
1170,1093,1088,1093,1089,1193,1197,1168,1142,1210,1119,1036,974,1214,1134,1049,985,1210,1215,1218,1220
1203,1112,1096,1088,1078,1192,1150,1129,1114,1216,1078,994,936,1220,1092,1013,966,1209,1185,1174,1169
1209,1129,1114,1108,1108,1231,1119,1079,1069,1245,1079,1014,979,1237,1083,995,948,1212,1172,1155,1146
1182,1111,1093,1093,1091,1200,1071,1039,1041,1226,1050,1036,1037,1225,1062,1043,1043,1207,1138,1113,1088
1199,1141,1104,1079,1065,1194,1041,1021,1042,1216,1033,1016,1021,1209,1040,1013,1013,1188,1113,1078,1051
1294,1164,1054,981,950,1058,904,824,755,1084,939,880,832,1108,979,929,894,1122,1032,1024,1025
472,599,737,860,938,849,976,1018,1045,818,929,896,845,771,883,852,796,728,817,792,746
488,623,776,907,992,854,974,1017,1045,807,931,909,858,748,874,844,790,692,798,774,728
509,658,823,962,1059,861,953,983,1000,795,909,888,844,721,844,818,772,649,758,738,694
594,745,871,962,1049,860,909,923,924,767,836,826,807,676,753,741,722,589,656,655,641
607,749,873,960,1041,862,919,927,920,772,843,830,807,679,753,739,716,590,640,642,633
658,785,872,920,979,852,853,845,843,749,751,763,776,652,661,674,691,570,564,575,595
734,836,901,919,926,803,822,836,852,697,685,723,763,600,606,648,698,536,515,560,615
730,822,894,888,835,802,768,795,821,700,663,693,724,614,570,605,647,549,486,516,565
771,845,842,812,793,849,847,822,800,762,698,645,608,682,584,513,467,620,484,397,333
811,885,886,855,837,867,865,851,838,776,706,665,630,695,580,503,440,634,498,403,325
800,878,927,873,800,867,889,887,880,760,721,684,647,680,590,522,468,626,506,420,351
799,880,918,855,773,876,890,882,868,778,740,702,663,700,624,559,503,644,528,448,383
835,908,922,852,768,901,905,887,863,808,762,724,679,730,641,577,518,678,576,511,452
828,819,776,688,599,851,837,820,813,813,768,761,780,773,717,723,748,736,681,682,699
861,805,743,701,686,746,707,690,685,781,738,738,752,817,778,785,800,853,818,818,828
805,829,824,801,777,841,791,748,705,815,747,695,655,780,715,679,658,744,686,661,650
674,781,814,787,751,802,784,765,746,724,703,690,678,649,635,628,623,585,570,561,553
649,768,804,776,740,779,763,752,740,697,688,685,681,621,617,620,626,558,554,558,563
624,735,815,834,800,699,726,740,750,600,634,664,685,529,561,594,621,483,491,517,544
572,679,779,804,755,689,662,683,702,584,559,586,609,497,480,509,540,424,394,401,427
577,509,455,411,378,559,517,468,444,637,611,569,535,709,699,666,625,789,835,796,735
618,698,734,725,669,610,521,525,549,554,445,451,474,522,407,413,433,521,437,402,375
695,790,811,781,723,574,448,485,553,508,350,373,441,480,326,322,366,486,379,342,342
841,848,826,777,728,569,410,405,439,544,375,302,270,568,420,342,293,624,556,509,472
873,855,823,791,760,586,444,363,300,563,386,287,220,603,459,391,341,688,680,689,698
911,874,821,787,755,609,447,352,268,602,432,330,250,652,531,461,404,737,742,750,760
919,869,807,789,770,621,457,356,266,642,500,413,342,708,640,610,585,799,843,877,906
891,839,783,776,763,610,452,357,272,643,516,441,378,716,670,652,639,806,865,909,948
856,805,742,746,748,601,451,362,285,655,560,508,467,730,722,743,766,812,887,958,1024
841,792,735,744,751,595,448,363,291,653,566,518,482,731,746,783,822,814,884,952,1017
839,769,715,730,741,607,479,400,335,676,673,673,667,753,861,930,971,822,916,963,990
819,711,650,663,713,628,580,555,541,718,830,918,974,804,889,916,924,867,924,935,925
786,685,630,647,694,629,619,618,623,714,799,851,871,800,879,894,892,862,909,919,915
725,650,609,579,541,616,642,645,650,689,797,848,885,758,834,818,795,813,878,877,864
745,689,624,571,531,597,528,530,546,656,606,634,667,716,694,717,740,767,757,775,790
470,511,595,691,759,606,746,848,912,607,757,848,886,600,736,815,852,582,704,776,816
449,562,698,812,890,752,865,820,763,723,842,800,748,685,816,781,728,640,755,735,695
466,601,747,870,963,741,849,825,780,685,819,796,744,629,764,742,694,572,675,665,629
542,681,812,900,977,742,807,798,774,644,722,722,695,559,631,634,615,489,546,552,540
622,748,850,918,986,772,812,806,783,678,718,744,751,594,617,649,667,521,518,543,560
720,826,870,881,917,834,783,755,732,736,714,708,702,645,621,641,663,572,543,567,590
718,787,851,885,926,850,864,829,782,753,730,684,656,663,611,576,562,589,533,521,520
677,775,868,921,960,844,843,810,767,750,752,737,720,661,630,596,572,580,536,511,499
647,764,867,928,986,823,782,744,689,729,730,702,655,641,594,580,577,567,510,503,514
664,791,876,959,1043,771,684,600,519,671,603,543,488,594,524,553,595,542,482,511,555
723,832,899,957,1031,757,657,576,498,655,573,504,442,586,520,557,599,550,509,552,605
787,881,901,915,967,716,654,618,569,636,504,398,302,596,545,622,693,598,576,645,708
842,908,919,935,973,708,566,467,372,637,484,381,289,615,530,606,676,629,589,646,706
921,950,922,899,875,726,566,466,378,700,536,432,350,712,637,736,825,748,699,765,831
911,947,931,918,880,762,613,507,418,744,598,498,421,759,749,859,952,788,747,786,835
956,977,967,954,923,831,699,609,535,820,853,951,1029,832,877,978,1060,849,838,891,946
879,926,970,991,1000,873,836,781,724,860,955,1061,1132,864,960,1062,1137,872,908,975,1033
949,987,1000,1019,1040,901,846,802,776,872,900,974,1042,872,943,1042,1119,888,918,975,1023
984,1027,1046,1086,1134,952,907,872,844,918,920,902,885,911,1010,1106,1176,921,978,1038,1089
1002,1045,1084,1150,1210,965,983,1001,1028,941,972,1019,1072,942,1006,1075,1136,966,1025,1091,1150
1014,1059,1100,1167,1225,970,990,1017,1052,948,977,1023,1075,948,1009,1078,1135,969,1033,1101,1156
1039,1092,1139,1181,1188,983,1002,1050,1101,958,964,1017,1076,957,1012,1074,1130,977,1041,1106,1160
1072,1121,1152,1174,1164,995,980,1042,1107,966,935,1021,1102,960,971,1053,1121,978,1023,1103,1165
938,985,1050,1120,1172,919,988,1054,1120,888,968,1052,1126,880,965,1059,1132,893,990,1075,1141
901,940,1012,1086,1149,890,1015,1091,1155,867,1023,1108,1176,865,1012,1099,1167,883,983,1053,1114
824,878,975,1075,1149,879,1033,1111,1173,862,1044,1138,1209,861,1028,1095,1137,872,977,1037,1090
681,756,906,1029,1120,847,1045,1144,1219,825,1046,1161,1247,810,1013,1021,989,803,930,1000,1048
629,726,878,1008,1091,843,1014,1106,1172,807,996,1106,1183,772,925,958,955,743,857,919,958
614,723,873,993,1074,827,988,1076,1139,786,970,1074,1146,747,900,950,961,714,821,877,907
585,716,858,970,1054,832,961,1034,1087,768,921,1016,1084,711,849,922,967,662,756,814,853
574,714,859,971,1056,843,949,1010,1052,775,911,997,1055,710,835,889,913,653,736,787,819
571,715,853,958,1037,851,949,1001,1037,776,898,975,1025,704,817,867,887,640,715,766,795
633,791,907,975,1021,899,938,958,969,804,879,924,955,715,794,820,822,636,669,702,727
736,875,943,943,921,945,956,957,951,858,892,911,917,767,796,805,805,678,669,693,722
807,927,1006,1047,1062,988,1001,995,988,907,920,925,926,817,801,813,832,723,677,694,727
847,949,1026,1068,1108,1013,1002,986,980,931,925,922,927,844,821,821,837,757,707,706,724
826,929,1005,1036,1066,1012,1026,1019,1014,933,952,952,946,843,848,855,866,752,722,722,734
1032,1042,1036,1026,1006,988,976,980,979,979,977,988,1000,997,991,965,945,1023,1025,1036,1050
904,989,1062,1118,1153,1045,1039,1028,1017,966,954,957,958,886,871,898,919,806,777,787,798
939,1024,1088,1097,1099,1001,976,976,988,916,872,877,902,847,796,809,850,783,718,727,767
964,1051,1102,1113,1104,997,953,974,1004,917,863,883,921,852,792,807,851,792,719,729,773
991,1064,1103,1095,1057,947,895,883,889,862,789,791,826,798,713,728,783,746,666,671,716
1010,1066,1080,1058,999,894,802,738,690,812,703,651,638,761,650,641,677,728,624,600,618
1008,1056,1065,1033,963,845,733,648,571,773,651,557,489,736,619,579,572,724,622,581,567
1020,1050,1048,1002,937,785,615,503,401,733,544,412,302,730,589,551,531,755,648,606,578
1029,1038,1005,937,859,753,581,469,362,719,523,388,271,730,628,597,575,764,665,622,587
1012,1024,990,936,869,742,567,454,349,715,521,392,274,728,637,635,633,770,695,669,648
1008,1017,977,923,857,735,558,445,342,716,523,388,270,740,657,647,638,795,741,735,730
1019,1010,969,921,856,741,551,437,333,756,602,507,427,802,788,821,846,866,861,891,921
1036,990,935,899,842,774,650,580,514,816,792,785,765,871,851,824,795,931,930,933,929
1025,1002,955,909,839,838,718,648,591,868,861,881,890,907,915,916,915,948,938,934,931
1019,983,939,890,815,850,741,676,623,876,918,978,1016,918,980,1009,1020,962,997,1024,1036
1021,982,936,885,813,838,744,681,631,871,923,998,1053,918,973,1024,1063,961,1000,1038,1067
970,967,923,858,782,805,762,752,763,799,898,1013,1105,810,914,1010,1089,821,894,977,1044
953,970,931,861,782,790,750,746,758,758,910,1039,1126,768,925,1031,1104,788,900,994,1054
955,965,934,874,812,802,716,662,624,767,914,1044,1127,780,942,1045,1115,806,928,1025,1086
840,874,901,909,902,814,766,703,650,780,922,1038,1121,789,950,1046,1115,818,938,1025,1087
884,909,945,990,1010,817,770,719,681,774,931,1050,1137,784,944,1045,1118,821,945,1028,1082
896,914,940,976,1002,818,791,747,711,778,936,1047,1134,792,953,1055,1135,830,955,1038,1098
793,804,830,820,803,893,987,1037,1083,881,1006,1086,1155,864,990,1082,1151,846,960,1038,1095
876,958,1001,1029,1042,929,966,987,1000,907,1025,1125,1210,898,1013,1119,1210,892,953,1015,1072
931,1015,1085,1130,1152,1003,1010,1014,1009,959,1085,1177,1241,942,1081,1172,1236,939,1028,1073,1111
998,1051,1093,1125,1144,1012,1061,1081,1097,972,1091,1169,1232,954,1067,1151,1220,952,1019,1062,1100
1265,1200,1180,1172,1150,1281,1267,1252,1244,1320,1285,1264,1249,1341,1254,1205,1175,1346,1270,1220,1189
1234,1160,1135,1121,1097,1264,1252,1244,1234,1317,1311,1274,1235,1342,1279,1212,1167,1339,1264,1201,1163
1275,1239,1237,1250,1274,1357,1312,1273,1245,1360,1308,1269,1249,1338,1266,1221,1198,1298,1241,1205,1192
1301,1249,1267,1278,1290,1388,1301,1238,1184,1402,1339,1304,1272,1385,1307,1278,1259,1345,1288,1257,1248
1327,1283,1288,1293,1304,1400,1304,1232,1177,1409,1333,1263,1213,1396,1348,1334,1325,1358,1318,1304,1302
1298,1270,1280,1296,1317,1415,1323,1250,1192,1450,1347,1263,1201,1453,1364,1291,1235,1431,1382,1358,1341
1325,1290,1288,1297,1318,1413,1284,1204,1146,1445,1312,1258,1219,1444,1336,1302,1286,1418,1377,1391,1412
1357,1303,1293,1296,1310,1411,1291,1213,1149,1451,1316,1274,1244,1458,1378,1370,1377,1443,1446,1490,1541
1357,1277,1243,1217,1201,1327,1227,1167,1116,1398,1280,1215,1171,1455,1405,1405,1412,1486,1518,1556,1593
1339,1400,1481,1552,1618,1463,1476,1456,1421,1394,1303,1215,1142,1323,1230,1159,1105,1262,1208,1165,1127
1366,1286,1204,1096,1007,1309,1210,1130,1055,1405,1401,1396,1376,1475,1496,1494,1486,1517,1609,1691,1755
1357,1253,1153,1059,981,1268,1210,1126,1058,1376,1380,1293,1224,1468,1515,1485,1459,1528,1636,1716,1788
1347,1232,1123,1044,991,1243,1210,1136,1077,1350,1350,1262,1193,1448,1481,1440,1412,1522,1633,1696,1752
1402,1298,1185,1093,1024,1313,1265,1189,1138,1394,1339,1264,1216,1472,1459,1437,1434,1540,1631,1693,1754
1411,1516,1595,1674,1734,1412,1369,1324,1283,1312,1238,1198,1181,1243,1159,1115,1099,1204,1125,1083,1065
1467,1543,1587,1645,1699,1432,1408,1386,1360,1342,1305,1280,1267,1276,1217,1188,1181,1232,1154,1119,1107
1540,1417,1327,1323,1359,1298,1208,1168,1131,1351,1238,1166,1105,1427,1358,1301,1253,1521,1527,1524,1518
679,821,948,1042,1132,940,1054,1120,1173,887,1036,1124,1194,824,971,1054,1125,763,825,873,925
1350,1259,1149,1104,1083,1161,1090,1042,998,1201,1095,1013,945,1262,1203,1225,1250,1333,1328,1314,1300
1295,1189,1086,1018,961,1117,1040,971,919,1156,1057,984,940,1207,1123,1042,979,1263,1248,1228,1210
1277,1180,1088,1023,971,1123,1066,1011,963,1161,1078,1014,970,1209,1128,1052,991,1258,1224,1199,1179
782,931,1027,1095,1160,937,1022,1097,1160,884,979,1061,1129,847,934,1012,1078,826,898,953,1003
760,913,1002,1064,1111,923,1015,1064,1090,879,986,1031,1055,848,950,1007,1046,832,920,983,1039
779,904,1012,1085,1142,935,984,1023,1056,884,984,1067,1131,852,964,1042,1098,838,937,1011,1072
1159,1060,1009,1021,1048,1079,1037,1000,982,1125,1067,1016,986,1176,1133,1052,989,1231,1247,1240,1225
1140,1072,1047,1034,999,1139,1121,1068,1012,1182,1182,1114,1039,1224,1245,1183,1116,1256,1308,1321,1326
1152,1081,1047,1008,951,1174,1166,1112,1050,1215,1226,1154,1072,1253,1289,1229,1161,1276,1341,1361,1371
1095,1061,1044,1007,953,1231,1341,1278,1204,1267,1383,1309,1228,1290,1400,1349,1281,1304,1395,1397,1372
1012,1069,1075,1098,1094,922,897,910,929,890,839,850,865,886,845,856,868,913,909,914,914
1014,1074,1088,1108,1128,934,895,878,867,905,832,816,816,888,833,843,859,891,870,902,937
1093,1083,1085,1090,1096,1242,1350,1405,1440,1239,1316,1357,1356,1187,1182,1133,1080,1110,1050,988,928
716,731,843,954,1018,977,1030,983,950,999,1044,1011,975,991,1022,992,954,973,996,968,937
1378,1208,1091,1009,971,1078,1013,1033,1060,1149,1075,1087,1120,1227,1150,1153,1186,1297,1223,1221,1247
1321,1177,1138,1140,1124,1148,1212,1237,1238,1237,1299,1304,1300,1327,1364,1372,1369,1409,1427,1436,1439
1218,1106,1057,1083,1115,1118,1228,1233,1217,1214,1319,1375,1421,1299,1382,1429,1464,1371,1427,1460,1482
924,1066,1174,1229,1235,1203,1319,1382,1421,1142,1262,1337,1376,1061,1167,1163,1132,970,1048,1060,1045
954,1118,1288,1410,1501,1266,1372,1431,1479,1183,1282,1345,1395,1082,1156,1187,1215,978,1034,1056,1075
1040,1080,1078,1037,997,1123,1152,1175,1185,1107,1147,1182,1212,1073,1109,1144,1180,1027,1046,1075,1112
995,1102,1187,1258,1324,1180,1272,1349,1411,1106,1167,1223,1260,1029,1055,1081,1101,959,983,990,997
1002,1110,1192,1251,1299,1147,1202,1221,1240,1093,1133,1169,1201,1032,1057,1099,1142,978,980,1000,1026
1113,1051,967,900,841,961,836,756,694,972,910,882,873,1004,962,951,955,1030,1007,1002,1002
1069,1002,936,893,871,892,797,730,672,935,881,852,827,996,967,976,991,1056,1058,1080,1108
776,878,964,991,970,921,976,953,930,840,904,884,868,777,839,830,818,728,782,788,783
1224,1113,1017,937,843,1120,1104,1080,1052,1214,1213,1171,1132,1291,1271,1233,1196,1339,1309,1258,1212
444,409,408,416,416,535,555,539,530,600,633,574,518,637,701,708,708,648,723,774,823
833,848,900,955,997,919,1005,1017,1006,947,1035,1033,1011,973,1054,1045,1023,996,1061,1053,1033
1005,941,888,843,793,878,827,791,768,916,901,864,833,959,966,939,911,994,1016,1013,1001
801,844,826,786,748,836,760,713,677,750,660,611,579,674,593,565,546,611,555,542,534
730,807,856,868,889,852,797,763,740,750,677,683,699,661,588,611,644,593,532,557,596
710,790,869,916,939,870,842,823,816,771,728,716,720,676,641,645,664,601,569,577,595
748,836,919,994,1057,893,932,930,924,783,784,780,789,682,663,657,665,606,545,522,514
798,905,1004,1070,1134,943,956,954,942,834,802,760,709,737,672,625,587,652,585,548,523
939,859,806,755,736,858,765,689,637,943,890,837,779,1023,983,909,821,1086,1143,1155,1125
918,1001,1058,1080,1090,1042,1029,1001,961,931,796,672,561,845,751,732,717,793,744,715,678
978,1057,1111,1139,1153,1108,1126,1126,1119,1013,999,985,971,921,900,891,883,848,832,825,818
1068,1154,1202,1223,1235,1113,1119,1130,1138,1022,997,1005,1016,945,921,934,942,880,818,806,792
947,1067,1181,1240,1265,1230,1340,1411,1462,1152,1193,1174,1149,1063,1077,1060,1033,979,986,980,967
1069,1154,1243,1311,1359,1229,1278,1300,1318,1156,1192,1216,1240,1078,1127,1145,1162,1005,1025,1032,1039
1532,1451,1376,1313,1259,1429,1415,1398,1382,1498,1488,1489,1486,1560,1548,1540,1530,1613,1602,1576,1551
1071,1171,1268,1327,1382,1287,1355,1404,1444,1222,1262,1276,1283,1145,1172,1185,1189,1075,1101,1119,1130
1024,1115,1200,1254,1295,1223,1287,1289,1284,1172,1222,1238,1244,1112,1130,1141,1151,1052,1042,1031,1028
989,1092,1173,1221,1259,1194,1261,1274,1272,1153,1212,1233,1239,1099,1135,1154,1162,1041,1043,1048,1054
967,1065,1143,1192,1238,1177,1245,1260,1262,1137,1202,1228,1235,1086,1126,1150,1162,1030,1047,1060,1071
953,1056,1126,1169,1196,1168,1226,1232,1219,1119,1179,1190,1179,1065,1113,1125,1117,1010,1043,1059,1058
953,1050,1118,1162,1189,1159,1219,1224,1206,1113,1175,1179,1164,1066,1109,1113,1095,1019,1047,1057,1046
953,1048,1118,1163,1187,1157,1220,1225,1206,1112,1178,1180,1161,1064,1109,1113,1097,1017,1046,1056,1046
966,1062,1131,1176,1216,1160,1213,1214,1193,1115,1173,1181,1163,1068,1115,1130,1116,1019,1045,1060,1049
1013,1103,1168,1214,1226,1155,1169,1181,1185,1110,1130,1156,1164,1059,1067,1087,1099,1007,981,983,986
1055,1108,1165,1196,1198,1157,1154,1146,1129,1100,1078,1066,1048,1047,988,957,934,1004,940,899,874
999,1067,1124,1153,1155,1113,1088,1095,1100,1051,1008,978,946,992,959,939,922,948,904,885,873
1457,1407,1395,1405,1420,1519,1451,1388,1337,1570,1455,1374,1310,1591,1501,1450,1415,1588,1529,1487,1452
1530,1466,1440,1427,1420,1566,1438,1356,1312,1633,1464,1461,1486,1667,1497,1493,1516,1680,1552,1532,1536
1562,1483,1420,1365,1329,1570,1467,1379,1328,1650,1489,1460,1473,1691,1531,1510,1527,1711,1584,1561,1567
1577,1472,1365,1266,1171,1515,1438,1405,1408,1611,1489,1471,1494,1679,1557,1545,1573,1729,1640,1627,1643
1502,1409,1298,1197,1093,1455,1439,1401,1393,1565,1522,1470,1478,1652,1603,1553,1557,1720,1685,1648,1645
1486,1402,1297,1202,1105,1425,1462,1420,1396,1542,1546,1487,1479,1638,1631,1571,1556,1714,1701,1659,1646
1462,1395,1314,1268,1222,1410,1455,1426,1397,1514,1548,1486,1455,1600,1643,1578,1537,1668,1709,1653,1608
1474,1401,1326,1284,1227,1402,1452,1426,1397,1505,1543,1485,1452,1592,1639,1577,1535,1658,1701,1653,1611
1434,1364,1290,1218,1147,1355,1379,1349,1331,1471,1524,1452,1408,1557,1644,1560,1499,1620,1661,1599,1556
1378,1411,1468,1559,1658,1417,1479,1533,1583,1375,1425,1453,1478,1336,1312,1282,1265,1302,1233,1193,1175
1382,1294,1215,1150,1086,1272,1283,1322,1367,1369,1470,1548,1608,1444,1527,1588,1640,1483,1538,1575,1605
1433,1319,1224,1168,1102,1286,1282,1299,1321,1384,1446,1499,1548,1465,1518,1576,1634,1517,1531,1554,1584
1475,1359,1273,1228,1203,1306,1256,1241,1235,1392,1384,1384,1389,1468,1482,1503,1523,1523,1536,1547,1557
1499,1379,1286,1241,1214,1313,1262,1242,1230,1393,1380,1370,1367,1470,1478,1487,1502,1531,1535,1542,1553
1514,1400,1328,1309,1310,1329,1267,1242,1226,1403,1352,1325,1309,1476,1450,1431,1423,1536,1528,1530,1538
1524,1407,1334,1309,1305,1335,1277,1253,1238,1408,1354,1325,1303,1479,1439,1409,1387,1536,1522,1520,1519
1538,1421,1344,1322,1316,1345,1294,1274,1260,1417,1360,1331,1307,1489,1435,1400,1370,1550,1545,1552,1558
1579,1466,1384,1362,1363,1390,1334,1309,1290,1465,1398,1361,1334,1536,1463,1423,1391,1596,1563,1549,1541
1599,1488,1405,1382,1377,1414,1352,1323,1303,1487,1413,1373,1344,1555,1478,1435,1402,1612,1561,1529,1503
1608,1503,1409,1357,1303,1454,1385,1350,1325,1533,1443,1392,1356,1598,1506,1450,1407,1649,1577,1528,1489
1511,1439,1373,1319,1264,1510,1423,1354,1308,1587,1480,1393,1338,1636,1533,1443,1376,1663,1598,1534,1483
1489,1430,1362,1307,1256,1492,1435,1380,1341,1570,1485,1410,1368,1621,1549,1466,1410,1650,1631,1572,1526
1415,1370,1347,1311,1249,1491,1558,1495,1450,1553,1608,1503,1454,1589,1644,1543,1485,1608,1643,1567,1510
1323,1292,1301,1330,1339,1501,1599,1528,1465,1538,1643,1526,1473,1549,1654,1548,1485,1542,1619,1552,1497
1308,1282,1298,1327,1345,1505,1608,1522,1464,1536,1639,1520,1471,1542,1646,1531,1471,1528,1597,1520,1465
1257,1239,1266,1307,1357,1510,1629,1558,1486,1515,1636,1525,1455,1485,1578,1480,1416,1433,1469,1396,1343
1239,1238,1272,1309,1356,1501,1624,1550,1483,1502,1630,1524,1461,1471,1575,1482,1423,1415,1460,1401,1356
1207,1224,1260,1287,1339,1475,1617,1585,1524,1453,1587,1509,1442,1402,1496,1421,1363,1329,1368,1316,1271
1200,1243,1281,1294,1326,1480,1592,1567,1514,1434,1538,1471,1425,1358,1412,1355,1324,1263,1257,1219,1202
1186,1246,1304,1327,1336,1443,1536,1513,1468,1383,1453,1405,1364,1303,1323,1284,1262,1214,1191,1166,1163
1157,1224,1283,1302,1332,1406,1481,1472,1434,1338,1364,1324,1298,1257,1242,1214,1205,1170,1142,1127,1132
1151,1168,1219,1270,1329,1273,1330,1356,1374,1245,1332,1377,1408,1195,1250,1276,1296,1133,1145,1149,1158
1118,1141,1193,1250,1306,1235,1257,1271,1282,1214,1276,1324,1358,1182,1230,1265,1295,1145,1168,1185,1202
1171,1161,1189,1234,1294,1214,1133,1019,939,1197,1193,1182,1182,1188,1226,1279,1332,1175,1227,1269,1319
1092,1118,1176,1233,1295,1259,1223,1180,1139,1257,1162,1100,1042,1230,1198,1201,1199,1193,1237,1287,1334
1239,1198,1188,1201,1236,1254,1094,991,914,1254,1069,999,939,1251,1149,1144,1139,1250,1278,1327,1363
1182,1133,1141,1167,1199,1260,1116,1105,1130,1270,1086,1085,1111,1252,1073,1071,1102,1215,1085,999,937
1169,1117,1121,1141,1159,1235,1073,1055,1069,1249,1054,1048,1062,1233,1051,1030,1033,1199,1080,996,924
1191,1097,1071,1067,1065,1186,1025,988,983,1207,1014,989,978,1201,1021,993,981,1182,1080,1014,944
1205,1094,1051,1033,1026,1142,996,976,987,1169,992,986,997,1172,1005,997,1006,1167,1062,996,934
1203,1097,1050,1025,1009,1125,982,984,1007,1155,984,1006,1031,1159,997,1026,1056,1153,1032,963,899
1203,1124,1053,1002,964,1053,969,924,913,1054,975,928,908,1055,976,930,913,1065,985,944,929
741,721,776,867,944,879,1020,1125,1224,940,1128,1271,1395,976,1100,1121,1134,982,1049,1026,1000
728,736,810,900,972,971,1132,1229,1312,1016,1176,1277,1358,1028,1129,1096,1055,1021,1080,1044,1001
1278,1145,1055,990,932,1007,955,1000,1049,1031,986,1037,1086,1069,1013,1060,1109,1115,1054,1038,1034
1307,1188,1091,1015,947,1044,980,1024,1074,1063,998,1059,1113,1084,1025,1089,1145,1106,1052,1089,1126
1348,1229,1117,1030,951,1074,1007,1083,1141,1103,1030,1111,1169,1143,1066,1144,1206,1187,1114,1140,1177
1343,1224,1114,1029,950,1083,1004,1075,1131,1120,1041,1115,1163,1168,1085,1151,1201,1222,1143,1156,1183
1326,1243,1132,1058,990,1097,1024,1076,1110,1149,1073,1131,1163,1211,1146,1188,1216,1281,1233,1236,1250
1328,1242,1146,1084,1026,1119,1060,1086,1108,1179,1121,1151,1164,1251,1202,1219,1234,1330,1322,1310,1303
1277,1191,1108,1040,975,1120,1083,1070,1077,1196,1184,1156,1150,1274,1275,1248,1234,1349,1391,1397,1401
1236,1159,1069,981,895,1106,1107,1108,1104,1187,1178,1168,1160,1268,1270,1266,1256,1343,1399,1435,1458
1279,1191,1122,1072,1022,1152,1140,1137,1137,1218,1209,1205,1203,1288,1287,1282,1275,1352,1399,1436,1464
810,902,911,857,802,912,850,798,749,832,756,695,638,752,685,635,594,684,622,581,542
792,871,895,854,803,882,839,804,775,803,760,725,693,727,691,666,647,661,633,615,599
757,836,862,834,799,866,838,810,783,792,759,730,704,717,691,672,658,655,633,621,611
742,821,850,821,784,857,830,802,775,781,752,726,701,705,684,669,656,640,624,614,607
712,797,849,844,814,810,792,781,766,726,714,709,698,653,649,651,654,599,586,585,587
720,815,858,845,797,777,756,759,767,681,685,710,731,606,618,650,680,550,550,576,598
661,752,809,818,802,705,734,745,756,616,673,710,738,555,594,633,668,512,483,476,479
650,725,774,793,773,628,582,624,664,556,510,566,607,497,449,511,559,455,419,465,508
636,567,495,477,465,396,317,294,286,471,444,442,446,555,600,662,715,637,706,751,785
619,555,470,451,444,385,316,287,275,454,465,504,544,528,603,663,713,599,677,735,779
573,485,407,425,443,406,363,352,341,489,550,600,643,560,692,762,806,622,705,729,735
584,498,417,431,455,410,371,361,352,500,555,607,643,573,673,731,768,626,700,729,740
567,456,397,400,373,479,478,476,472,561,663,754,833,624,712,718,701,658,716,716,701
550,468,416,409,370,465,475,491,503,543,568,599,626,603,630,618,596,643,667,645,622
525,425,358,352,304,434,462,479,492,516,525,535,549,583,614,619,607,636,665,653,632
520,409,347,347,296,432,448,451,445,517,523,512,503,585,609,610,594,637,658,650,635
523,414,354,341,300,431,422,392,350,513,497,469,431,577,576,536,482,629,638,618,585
1206,1146,1062,988,932,1099,1049,1019,996,1111,1063,1031,1007,1115,1011,943,889,1110,1020,969,923
418,554,651,706,742,613,609,621,630,564,559,574,585,504,499,522,548,448,455,477,504
436,513,596,656,707,585,583,581,577,579,572,575,569,561,569,615,653,546,560,577,598
545,587,651,698,743,729,739,699,671,740,737,703,672,735,762,779,795,715,772,821,877
623,647,709,768,821,823,817,788,760,820,756,684,625,798,769,752,735,771,771,772,771
637,717,812,875,921,896,901,829,779,883,875,802,750,859,942,971,993,818,914,980,1040
708,770,853,905,941,963,1004,1015,1015,942,960,957,945,897,934,940,943,834,883,917,945
1261,1310,1385,1455,1513,1450,1528,1579,1626,1441,1552,1620,1683,1404,1485,1532,1582,1347,1384,1410,1442
1272,1321,1400,1468,1525,1462,1526,1574,1618,1461,1573,1645,1710,1428,1514,1565,1617,1373,1417,1443,1476
1287,1337,1418,1488,1549,1484,1533,1533,1522,1488,1602,1673,1738,1463,1574,1639,1706,1412,1476,1515,1560
1289,1338,1424,1494,1549,1491,1539,1493,1442,1499,1600,1666,1729,1481,1591,1663,1733,1440,1513,1561,1612
744,841,921,948,934,1009,1004,947,897,970,997,979,953,912,978,1004,1026,841,881,915,955
743,847,931,962,957,1004,1012,943,883,953,1003,1007,1003,888,940,969,981,812,859,890,916
767,861,929,945,934,1009,1044,995,951,944,979,964,948,868,908,938,941,789,830,860,872
787,861,924,946,924,1003,1026,1019,1010,951,997,1010,1012,881,930,958,974,808,807,804,797
777,778,751,737,755,617,653,715,742,606,710,771,787,625,731,766,764,661,755,783,781
695,717,726,726,717,670,865,939,986,651,866,829,765,657,849,811,759,674,822,789,738
695,739,763,766,750,690,896,974,1024,661,888,849,780,663,860,818,761,675,827,795,742
747,792,826,846,845,750,941,1004,1040,710,927,889,824,698,886,847,793,696,841,818,771
768,817,851,872,880,771,961,1028,1069,724,937,898,834,706,894,856,806,701,846,823,775
795,852,905,963,1003,814,961,1029,1086,767,953,917,864,751,922,887,844,747,880,854,813
789,861,932,989,1019,826,960,1041,1101,777,968,947,897,755,934,906,861,743,887,870,827
797,867,928,982,1018,833,907,954,983,787,943,959,946,767,926,928,908,761,887,884,852
805,871,930,981,1019,828,880,940,977,778,887,948,973,753,868,917,935,743,842,880,891
791,856,925,990,1031,833,934,968,979,785,961,964,935,766,935,927,896,759,891,886,855
810,878,940,994,1035,841,903,953,986,792,932,963,962,765,908,928,920,755,867,883,871
799,859,927,996,1039,840,951,990,1005,793,968,980,958,775,935,939,917,769,890,896,876
817,874,940,1002,1044,870,953,1024,1076,824,918,976,1001,794,886,942,971,782,860,907,930
801,873,944,1006,1045,864,972,1050,1100,819,943,991,1001,790,923,964,972,780,893,925,924
777,856,938,1002,1049,866,977,1051,1103,822,955,993,1003,791,934,961,963,774,891,908,899
735,848,945,1008,1044,866,948,1001,1048,807,888,966,1035,764,861,945,1014,739,818,874,917
739,840,937,1001,1039,871,954,1000,1040,813,895,957,1011,768,866,943,1006,741,815,866,906
722,833,940,1011,1044,876,967,1023,1068,825,902,968,1019,782,855,912,954,753,833,880,909
699,794,914,1001,1042,856,970,1027,1072,825,942,989,1023,802,937,937,917,787,908,900,872
691,779,902,993,1034,857,970,1023,1058,824,957,1008,1040,802,954,943,904,788,920,909,875
674,764,887,978,1019,843,957,1012,1050,809,939,991,1025,785,938,924,885,771,906,895,860
676,768,888,979,1018,833,947,1002,1037,798,931,984,1015,775,927,922,886,762,894,892,862
665,759,877,971,1013,830,947,1001,1036,793,921,975,1011,767,915,923,903,749,880,886,868
658,748,868,963,1020,832,943,991,1023,794,904,966,1015,761,870,948,1009,732,812,847,876
660,753,876,970,1023,836,943,991,1024,794,904,966,1015,757,867,944,1004,724,807,841,866
656,756,875,963,1015,837,940,988,1022,797,906,967,1014,759,865,943,1006,723,801,849,892
661,749,870,964,1020,829,937,986,1020,797,899,959,1007,768,866,935,993,746,828,875,917
669,756,874,968,1027,827,937,992,1034,799,906,965,1013,773,879,951,1014,752,839,895,949
671,751,867,966,1034,825,937,996,1042,795,910,972,1022,773,887,961,1021,756,855,916,971
663,747,860,957,1017,822,937,1000,1048,793,908,971,1020,767,884,960,1023,747,845,909,968
662,744,856,948,1015,824,938,998,1042,797,910,969,1015,770,883,957,1018,746,814,857,898
659,743,858,954,1025,821,936,997,1042,796,911,970,1017,769,882,956,1018,744,814,859,901
655,724,837,926,984,815,937,997,1035,790,909,967,1007,774,886,959,1013,768,870,914,944
658,730,854,954,1008,817,932,992,1034,800,907,963,1002,793,888,948,990,797,907,960,999
666,737,866,969,1024,824,939,999,1041,807,909,962,1004,799,900,958,997,803,920,975,1015
660,732,859,959,1019,820,938,994,1031,802,904,960,1005,794,900,961,1002,798,917,972,1015
664,740,873,978,1041,819,930,985,1025,797,895,952,998,786,893,961,1012,790,907,964,1010
665,740,873,974,1025,821,922,976,1016,797,892,955,1007,784,893,966,1023,783,895,953,1001
658,734,866,968,1017,822,926,978,1016,798,895,956,1009,786,887,961,1022,786,896,956,1010
652,734,859,960,1006,818,927,982,1027,798,895,952,1000,787,890,966,1028,786,886,946,1003
638,739,874,977,1030,815,926,981,1023,784,860,902,938,765,871,957,1026,755,861,929,991
643,735,868,974,1031,817,922,976,1022,794,863,898,929,779,877,963,1036,774,877,948,1011
661,740,860,955,1002,828,937,993,1040,815,921,986,1046,809,910,978,1040,807,903,961,1017
666,738,859,959,1006,821,936,1002,1057,816,926,1001,1070,815,925,1008,1083,812,893,948,1006
665,739,860,962,1011,817,929,1000,1059,808,939,1024,1095,806,937,1015,1080,803,889,942,996
663,734,854,957,1010,815,935,1003,1057,805,938,1022,1096,798,910,971,1021,794,885,940,992
663,738,857,956,1003,818,932,998,1056,800,924,1005,1079,788,895,961,1017,781,877,936,992
664,738,857,956,1003,818,936,1000,1053,805,935,1015,1084,794,905,973,1028,788,880,935,987
662,732,852,955,1004,816,937,1003,1054,804,937,1016,1083,795,911,974,1022,788,882,940,993
651,721,843,949,1008,812,917,976,1020,794,938,1015,1068,779,908,984,1040,767,875,925,964
651,733,855,962,1018,810,916,976,1023,790,934,1014,1071,776,907,981,1035,770,876,924,960
648,732,849,946,992,805,878,926,961,777,916,996,1055,759,885,957,1018,749,848,892,930
659,745,858,942,981,811,882,926,960,776,914,998,1060,751,871,949,1011,735,840,895,939
659,737,849,940,985,802,888,936,971,773,912,996,1059,755,877,951,1012,747,858,915,960
662,743,849,938,980,805,895,942,978,774,907,988,1052,756,881,954,1013,750,858,914,962
657,742,854,956,1028,806,912,971,1016,775,915,998,1059,756,890,963,1016,752,863,926,979
666,754,866,952,999,812,908,965,1014,773,905,989,1058,751,878,953,1013,744,856,916,968
683,752,859,956,1008,806,939,1021,1087,784,928,1014,1080,773,913,1000,1067,772,884,948,1001
678,745,850,942,988,800,937,1021,1085,782,933,1018,1082,773,921,1008,1073,772,892,962,1018
672,739,843,936,987,786,918,1002,1065,768,917,1003,1061,762,911,1000,1061,767,895,970,1028
667,735,842,937,986,784,920,1005,1063,766,918,1006,1060,759,909,999,1055,765,893,971,1026
671,739,843,936,983,780,914,999,1060,762,912,998,1055,758,906,995,1055,766,894,972,1032
666,735,840,932,980,777,914,999,1060,757,909,995,1053,750,900,989,1049,755,886,962,1018
676,746,845,932,983,784,918,1000,1060,763,907,998,1060,755,897,990,1053,758,882,958,1013
683,748,847,933,978,785,922,1006,1066,765,912,1000,1056,758,906,996,1056,765,895,970,1021
690,753,850,935,980,787,924,1009,1069,768,915,1003,1062,762,911,1001,1062,771,900,974,1026
692,757,855,940,984,789,926,1012,1074,771,917,1008,1069,766,911,1004,1065,775,902,977,1030
695,756,853,940,989,788,926,1015,1079,770,920,1010,1069,766,915,1007,1066,775,907,980,1029
698,761,856,942,988,791,919,1000,1064,774,916,1007,1074,771,911,1006,1070,780,902,973,1021
693,756,849,933,981,788,884,944,991,768,909,1003,1069,766,910,1006,1065,779,907,974,1016
684,768,861,938,985,790,831,846,848,758,903,994,1060,752,899,999,1064,760,886,959,1011
683,770,869,944,994,798,890,951,1004,773,908,993,1060,763,904,994,1060,763,882,953,1009
680,757,857,938,989,792,885,945,1000,764,898,974,1038,756,898,987,1054,762,886,948,996
680,751,852,939,985,774,881,949,1008,753,878,942,989,750,889,980,1043,762,891,958,1008
669,750,855,948,993,774,883,947,999,746,870,941,990,741,883,975,1035,751,883,948,991
664,742,844,936,993,775,888,952,1003,750,877,946,994,745,888,974,1030,756,885,947,993
670,738,841,940,1013,808,903,958,1002,763,913,1007,1074,745,899,995,1059,748,877,935,981
679,745,840,938,1003,809,905,963,1008,770,939,1035,1103,752,916,1011,1072,755,887,948,991
694,758,852,946,998,807,901,960,1004,766,936,1040,1111,750,918,1018,1073,759,904,968,1003
707,770,863,955,1007,808,906,968,1016,765,933,1038,1109,750,914,1015,1070,759,902,966,1000
711,780,869,946,980,809,877,922,957,765,925,1031,1108,751,911,1013,1072,760,901,969,1007
698,759,865,946,979,806,942,1028,1096,788,989,1115,1216,785,971,1088,1182,793,930,1021,1098
687,748,848,934,982,778,918,1007,1078,758,910,1007,1084,761,912,1009,1083,782,915,998,1065
681,731,814,909,985,774,885,955,1014,754,906,1002,1077,751,909,1007,1077,763,888,958,1013
698,778,864,934,973,783,849,895,939,758,894,986,1063,748,891,984,1055,745,832,887,935
693,767,855,925,969,769,843,898,948,747,892,986,1061,742,885,976,1046,745,831,880,922
684,754,842,916,959,763,890,976,1053,750,902,990,1059,754,902,989,1052,770,888,961,1020
685,757,843,914,959,767,891,976,1052,754,914,1000,1065,757,905,999,1069,770,871,937,993
699,767,845,910,951,764,886,970,1045,754,912,996,1057,762,907,993,1056,780,886,955,1013
680,752,839,908,949,764,886,970,1046,753,919,1009,1080,758,917,1003,1067,773,888,958,1017
693,764,850,921,963,772,904,991,1072,763,935,1030,1106,770,932,1023,1091,787,905,980,1046
708,775,855,926,968,777,912,1002,1081,765,943,1031,1097,774,944,1031,1093,792,916,991,1054
697,770,858,927,970,787,923,1011,1089,775,954,1036,1094,779,946,1028,1085,793,913,984,1042
703,778,860,922,962,803,839,872,898,780,939,1027,1085,779,945,1029,1079,791,908,961,994
708,765,853,932,968,810,934,1016,1081,803,958,1040,1097,804,958,1030,1078,810,928,988,1032
715,769,857,935,971,806,962,1065,1142,802,972,1073,1140,807,965,1049,1103,817,939,1009,1059
714,761,847,925,963,804,967,1068,1144,798,963,1055,1119,805,957,1033,1083,820,939,1007,1057
709,756,843,923,965,801,953,1045,1119,797,946,1038,1109,803,949,1028,1089,817,932,1000,1057
703,742,828,910,949,793,951,1046,1123,788,939,1028,1097,797,937,1026,1097,816,936,999,1052
700,734,818,901,939,779,929,1008,1068,776,923,1009,1069,789,927,1004,1058,809,925,985,1034
697,733,818,897,934,781,930,1010,1070,777,923,1005,1063,787,923,998,1054,803,916,976,1023
698,735,812,884,917,772,915,1014,1091,764,906,994,1054,767,891,977,1037,781,890,946,986
701,744,819,884,917,767,911,1010,1088,764,906,994,1052,771,900,982,1037,790,898,948,979
701,751,820,875,901,761,849,901,943,751,894,979,1043,758,894,976,1034,779,880,922,950
682,735,804,863,900,736,817,868,908,736,893,978,1044,747,892,973,1028,770,874,922,951
686,737,804,862,900,732,812,871,914,734,890,974,1035,749,895,974,1023,774,880,925,950
687,733,797,858,903,730,844,908,961,721,875,956,1020,728,878,958,1014,749,853,908,948
1311,1236,1133,1032,957,1194,1106,1030,964,1224,1073,974,899,1241,1097,1007,941,1244,1155,1101,1056
1394,1327,1223,1121,1043,1305,1129,1022,945,1328,1121,1004,926,1330,1143,1039,968,1315,1177,1091,1024
1444,1358,1254,1145,1058,1369,1190,1096,1036,1405,1211,1100,1025,1416,1233,1120,1040,1408,1269,1171,1093
1522,1383,1251,1137,1060,1344,1184,1134,1120,1411,1249,1184,1142,1452,1296,1203,1137,1469,1326,1235,1163
1500,1343,1207,1116,1077,1261,1158,1176,1204,1353,1222,1232,1245,1428,1297,1286,1285,1488,1362,1306,1263
1316,1201,1119,1072,1049,1086,1122,1157,1182,1170,1205,1235,1253,1256,1285,1303,1314,1337,1365,1374,1375
1262,1168,1094,1036,980,1041,1108,1155,1188,1123,1192,1231,1261,1218,1280,1309,1334,1306,1369,1413,1453
1262,1142,1027,937,847,1093,1102,1133,1174,1162,1195,1234,1274,1227,1259,1288,1316,1284,1311,1326,1341
854,960,1022,1044,1050,995,1023,1036,1033,924,962,977,984,853,900,922,936,795,821,829,827
1133,1116,1110,1064,1025,1288,1408,1491,1570,1311,1462,1569,1672,1278,1368,1418,1472,1218,1219,1203,1193
1106,1072,1046,985,914,1240,1353,1452,1528,1279,1426,1538,1620,1271,1394,1476,1542,1236,1296,1333,1373
1070,1045,1030,1004,966,1194,1275,1333,1387,1257,1390,1484,1566,1268,1405,1489,1561,1245,1338,1400,1460
1092,1049,1038,1023,1008,1174,1181,1144,1114,1233,1333,1398,1463,1261,1391,1470,1547,1259,1362,1435,1509
464,534,631,720,820,505,548,605,663,469,541,576,608,460,552,571,587,468,561,594,617
681,613,487,343,224,552,509,486,464,534,438,357,293,516,378,276,198,505,352,252,169
722,718,689,650,600,654,599,545,487,651,609,560,513,656,594,534,482,673,601,529,459
755,866,894,849,784,847,821,782,738,748,701,651,600,657,608,562,521,581,521,474,425
757,873,902,859,805,855,831,795,755,755,710,668,629,665,620,581,547,592,542,506,469
765,877,910,872,827,881,851,816,780,781,742,706,672,690,663,635,611,617,591,575,555
752,870,916,883,834,887,860,829,797,792,755,722,688,706,678,651,628,637,610,596,581
761,873,917,885,837,897,872,840,806,801,767,735,704,715,684,661,642,647,617,605,595
806,900,928,893,849,912,878,853,826,820,786,765,743,739,707,691,680,676,643,632,625
767,859,915,914,862,861,843,845,847,767,761,787,802,689,693,720,732,630,632,656,664
738,839,928,961,923,859,860,853,845,765,779,780,772,687,701,705,702,618,630,637,641
695,804,915,941,868,828,875,891,892,731,778,790,787,647,709,723,715,583,644,667,661
697,805,903,930,865,797,822,843,856,696,699,722,742,610,606,631,655,554,570,597,626
692,787,854,857,812,768,857,854,835,677,711,709,703,593,615,634,648,531,546,573,593
645,735,803,823,789,768,797,794,783,673,650,645,645,592,616,650,674,535,580,631,669
679,717,752,792,797,695,730,753,768,663,652,652,665,642,696,714,731,648,739,804,854
733,726,734,765,771,653,650,735,820,659,788,945,1072,679,798,909,992,691,752,800,838
776,757,740,768,800,649,603,619,653,685,815,963,1092,726,842,939,1014,757,830,898,956
771,751,757,826,877,673,730,767,781,691,869,925,924,726,899,913,887,764,894,911,899
769,781,822,877,921,741,793,853,903,749,825,903,964,773,856,924,972,802,875,931,971
788,822,901,976,1024,984,1071,1134,1183,991,1091,1150,1197,988,1079,1126,1161,980,1041,1068,1082
782,808,898,986,1045,945,1062,1125,1176,968,1012,974,943,976,1004,971,944,981,1003,979,959
778,807,899,985,1039,955,1046,1092,1129,976,1011,979,951,980,1003,973,947,981,1000,977,957
783,807,897,984,1039,952,1048,1095,1131,975,1013,982,954,981,1002,974,948,982,999,978,957
763,821,920,1001,1047,992,1025,988,955,990,1000,967,938,974,979,949,919,952,954,926,904
767,821,918,997,1043,990,1019,981,947,990,995,960,930,975,979,948,917,955,954,926,904
756,815,910,987,1034,983,1007,970,942,979,981,947,919,960,962,931,901,934,936,909,886
752,813,906,983,1028,977,1001,961,933,970,979,942,914,950,957,925,896,925,929,900,877
734,795,889,965,1016,945,991,960,932,934,979,946,918,914,961,928,900,887,930,898,873
692,752,845,921,978,878,952,924,893,860,941,909,880,838,925,893,863,813,890,866,837
665,723,815,892,950,833,917,888,856,814,908,875,845,793,888,855,826,770,853,831,803
642,704,792,866,924,794,884,862,832,769,870,842,811,744,845,816,787,722,808,787,759
596,668,745,811,861,721,807,782,757,690,783,753,729,662,751,722,699,638,718,697,670
592,664,739,805,856,719,804,777,749,688,784,752,726,661,751,722,699,638,715,694,669
583,651,719,781,830,696,780,755,728,664,760,731,704,636,726,699,675,612,689,673,647
580,654,716,774,822,682,766,747,721,649,742,722,698,621,709,694,671,598,673,668,647
597,673,728,782,828,687,768,752,727,654,745,729,706,626,712,699,676,604,673,671,654
608,681,734,785,832,692,770,755,732,658,747,730,707,629,714,700,677,605,672,672,656
632,704,753,802,845,707,785,771,750,676,764,749,729,649,733,722,701,628,693,696,683
647,715,764,813,858,719,797,781,760,689,777,759,738,663,747,734,714,642,709,710,695
650,716,765,814,859,720,798,781,760,689,778,758,737,663,747,733,713,643,710,709,694
704,763,806,848,889,758,831,813,791,726,807,786,762,697,774,761,739,675,739,739,721
1222,1179,1155,1140,1113,1198,1194,1196,1203,1241,1246,1217,1193,1265,1223,1174,1143,1272,1220,1181,1157
1250,1214,1188,1171,1147,1220,1197,1198,1205,1259,1228,1213,1205,1287,1246,1214,1192,1305,1269,1239,1219
1273,1237,1206,1187,1168,1224,1205,1207,1211,1266,1247,1235,1227,1300,1279,1256,1239,1327,1305,1281,1262
1286,1247,1211,1190,1190,1225,1209,1212,1216,1268,1254,1245,1238,1306,1288,1271,1257,1337,1319,1298,1281
1269,1239,1209,1192,1191,1221,1210,1213,1214,1267,1255,1247,1238,1310,1302,1287,1274,1346,1350,1331,1312
1263,1231,1204,1191,1187,1225,1219,1211,1207,1268,1265,1249,1241,1307,1316,1299,1287,1342,1365,1365,1364
1260,1229,1216,1204,1179,1255,1258,1245,1234,1290,1320,1307,1296,1317,1352,1349,1347,1333,1361,1372,1379
1267,1235,1222,1218,1193,1274,1286,1278,1263,1309,1348,1357,1355,1328,1365,1371,1370,1334,1352,1344,1329
1270,1237,1223,1218,1194,1272,1284,1280,1269,1308,1345,1352,1351,1328,1363,1366,1362,1337,1354,1345,1331
1294,1258,1243,1231,1206,1290,1312,1320,1320,1329,1368,1392,1409,1352,1348,1325,1306,1359,1319,1276,1242
1305,1272,1252,1238,1214,1288,1305,1316,1327,1329,1353,1375,1394,1360,1335,1292,1262,1377,1334,1291,1260
1328,1290,1265,1252,1235,1309,1281,1273,1272,1350,1312,1290,1274,1380,1322,1280,1251,1395,1342,1307,1280
1297,1262,1240,1223,1213,1291,1271,1253,1238,1335,1301,1270,1249,1369,1329,1295,1272,1396,1360,1327,1305
1277,1249,1231,1215,1186,1266,1251,1238,1226,1308,1289,1264,1245,1343,1333,1305,1282,1374,1365,1334,1308
1278,1250,1233,1217,1191,1266,1250,1238,1226,1309,1286,1262,1245,1344,1329,1299,1277,1373,1362,1331,1306
1264,1226,1204,1178,1147,1236,1235,1225,1219,1276,1276,1260,1256,1314,1324,1303,1292,1350,1375,1355,1334
1266,1226,1198,1171,1138,1236,1238,1231,1227,1276,1279,1264,1259,1314,1326,1306,1294,1351,1379,1358,1335
1255,1211,1175,1136,1097,1227,1218,1210,1211,1264,1261,1245,1245,1302,1308,1287,1277,1339,1371,1359,1343
1253,1206,1165,1122,1082,1216,1203,1188,1186,1252,1249,1231,1223,1288,1297,1282,1270,1322,1353,1357,1351
1259,1212,1160,1124,1090,1186,1158,1166,1179,1218,1175,1171,1175,1257,1234,1206,1181,1296,1320,1338,1348
1259,1213,1164,1135,1113,1187,1159,1158,1162,1214,1171,1176,1188,1247,1214,1180,1152,1284,1293,1302,1303
1255,1214,1167,1139,1117,1184,1158,1156,1160,1211,1172,1178,1190,1244,1213,1181,1154,1281,1291,1301,1304
1264,1213,1162,1132,1106,1173,1145,1151,1158,1190,1151,1160,1172,1212,1167,1132,1104,1238,1211,1194,1173
825,797,797,824,859,849,884,908,923,861,886,859,830,863,874,860,846,858,867,875,882
827,861,884,894,897,874,896,913,921,837,846,855,850,804,810,826,829,777,791,807,812
870,814,776,774,785,864,911,938,956,891,931,932,923,905,915,890,862,910,911,894,874
958,934,908,883,859,836,820,840,855,842,838,856,867,858,857,873,883,879,878,890,899
815,857,912,965,1007,847,940,985,1021,819,958,943,908,811,937,917,881,808,899,881,843
832,879,942,1011,1067,892,848,877,913,849,809,831,847,809,781,802,819,774,756,773,785
807,857,930,995,1056,927,878,869,886,886,811,815,838,839,766,778,802,792,735,745,771
797,870,917,936,945,842,842,848,850,774,784,798,806,722,737,748,754,684,687,699,710
810,868,918,938,943,844,828,849,868,780,784,810,822,731,744,767,780,696,694,715,729
834,878,902,880,859,842,791,815,840,788,736,764,794,742,692,715,742,702,664,674,700
822,865,896,874,839,849,842,833,825,798,771,745,722,755,716,689,668,718,670,634,605
821,862,884,836,784,847,860,857,852,792,774,758,744,752,713,688,669,721,663,623,591
794,857,864,835,806,823,826,827,824,772,761,750,738,732,701,675,654,703,669,643,619
800,857,857,825,796,828,833,832,828,778,770,761,751,737,714,695,681,709,680,659,640
765,806,823,816,790,808,784,766,756,762,739,723,718,722,706,699,700,691,680,678,680
714,748,788,819,843,775,781,781,779,737,744,745,740,702,708,711,711,670,675,680,681
734,796,837,856,860,781,752,749,759,735,697,692,699,697,662,660,669,670,635,636,648
729,784,836,863,882,795,787,780,785,731,714,706,711,680,656,656,667,647,618,610,616
1170,1205,1241,1268,1291,1230,1240,1229,1219,1205,1215,1203,1193,1180,1190,1182,1175,1157,1159,1154,1151
732,773,819,842,847,829,843,843,838,779,763,745,731,725,703,690,685,676,643,629,627
1214,1178,1143,1111,1082,1153,1127,1107,1089,1180,1176,1178,1180,1205,1207,1207,1202,1225,1221,1213,1204
885,882,879,882,889,816,816,820,829,829,870,910,944,851,896,928,952,878,921,948,967
866,879,884,887,890,819,817,816,821,813,876,926,971,821,878,910,936,832,835,836,841
563,593,636,679,712,603,649,684,712,594,645,691,720,587,635,678,705,584,617,647,669
457,423,406,415,428,348,338,357,382,365,371,398,421,386,394,414,432,409,415,426,434
485,478,470,465,458,402,374,383,400,393,365,373,390,388,362,370,386,388,360,357,363
663,652,615,574,540,560,533,550,567,548,522,542,560,541,514,531,547,537,511,527,541
0,0,0,0,0,0,0,0,0,0,0,0,0,0,0,0,0,0,0,0,0
0,0,0,0,0,0,0,0,0,0,0,0,0,0,0,0,0,0,0,0,0
0,0,0,0,0,0,0,0,0,0,0,0,0,0,0,0,0,0,0,0,0
0,0,0,0,0,0,0,0,0,0,0,0,0,0,0,0,0,0,0,0,0
0,0,0,0,0,0,0,0,0,0,0,0,0,0,0,0,0,0,0,0,0
0,0,0,0,0,0,0,0,0,0,0,0,0,0,0,0,0,0,0,0,0
0,0,0,0,0,0,0,0,0,0,0,0,0,0,0,0,0,0,0,0,0
0,0,0,0,0,0,0,0,0,0,0,0,0,0,0,0,0,0,0,0,0
0,0,0,0,0,0,0,0,0,0,0,0,0,0,0,0,0,0,0,0,0
0,0,0,0,0,0,0,0,0,0,0,0,0,0,0,0,0,0,0,0,0
0,0,0,0,0,0,0,0,0,0,0,0,0,0,0,0,0,0,0,0,0
0,0,0,0,0,0,0,0,0,0,0,0,0,0,0,0,0,0,0,0,0
0,0,0,0,0,0,0,0,0,0,0,0,0,0,0,0,0,0,0,0,0
0,0,0,0,0,0,0,0,0,0,0,0,0,0,0,0,0,0,0,0,0
0,0,0,0,0,0,0,0,0,0,0,0,0,0,0,0,0,0,0,0,0
0,0,0,0,0,0,0,0,0,0,0,0,0,0,0,0,0,0,0,0,0
0,0,0,0,0,0,0,0,0,0,0,0,0,0,0,0,0,0,0,0,0
0,0,0,0,0,0,0,0,0,0,0,0,0,0,0,0,0,0,0,0,0
0,0,0,0,0,0,0,0,0,0,0,0,0,0,0,0,0,0,0,0,0
0,0,0,0,0,0,0,0,0,0,0,0,0,0,0,0,0,0,0,0,0
0,0,0,0,0,0,0,0,0,0,0,0,0,0,0,0,0,0,0,0,0
0,0,0,0,0,0,0,0,0,0,0,0,0,0,0,0,0,0,0,0,0
0,0,0,0,0,0,0,0,0,0,0,0,0,0,0,0,0,0,0,0,0
0,0,0,0,0,0,0,0,0,0,0,0,0,0,0,0,0,0,0,0,0
0,0,0,0,0,0,0,0,0,0,0,0,0,0,0,0,0,0,0,0,0
0,0,0,0,0,0,0,0,0,0,0,0,0,0,0,0,0,0,0,0,0
0,0,0,0,0,0,0,0,0,0,0,0,0,0,0,0,0,0,0,0,0
0,0,0,0,0,0,0,0,0,0,0,0,0,0,0,0,0,0,0,0,0
0,0,0,0,0,0,0,0,0,0,0,0,0,0,0,0,0,0,0,0,0
0,0,0,0,0,0,0,0,0,0,0,0,0,0,0,0,0,0,0,0,0
0,0,0,0,0,0,0,0,0,0,0,0,0,0,0,0,0,0,0,0,0
0,0,0,0,0,0,0,0,0,0,0,0,0,0,0,0,0,0,0,0,0
0,0,0,0,0,0,0,0,0,0,0,0,0,0,0,0,0,0,0,0,0
0,0,0,0,0,0,0,0,0,0,0,0,0,0,0,0,0,0,0,0,0
0,0,0,0,0,0,0,0,0,0,0,0,0,0,0,0,0,0,0,0,0
0,0,0,0,0,0,0,0,0,0,0,0,0,0,0,0,0,0,0,0,0
0,0,0,0,0,0,0,0,0,0,0,0,0,0,0,0,0,0,0,0,0
0,0,0,0,0,0,0,0,0,0,0,0,0,0,0,0,0,0,0,0,0
0,0,0,0,0,0,0,0,0,0,0,0,0,0,0,0,0,0,0,0,0
0,0,0,0,0,0,0,0,0,0,0,0,0,0,0,0,0,0,0,0,0
0,0,0,0,0,0,0,0,0,0,0,0,0,0,0,0,0,0,0,0,0
0,0,0,0,0,0,0,0,0,0,0,0,0,0,0,0,0,0,0,0,0
0,0,0,0,0,0,0,0,0,0,0,0,0,0,0,0,0,0,0,0,0
0,0,0,0,0,0,0,0,0,0,0,0,0,0,0,0,0,0,0,0,0
0,0,0,0,0,0,0,0,0,0,0,0,0,0,0,0,0,0,0,0,0
0,0,0,0,0,0,0,0,0,0,0,0,0,0,0,0,0,0,0,0,0
0,0,0,0,0,0,0,0,0,0,0,0,0,0,0,0,0,0,0,0,0
0,0,0,0,0,0,0,0,0,0,0,0,0,0,0,0,0,0,0,0,0
0,0,0,0,0,0,0,0,0,0,0,0,0,0,0,0,0,0,0,0,0
0,0,0,0,0,0,0,0,0,0,0,0,0,0,0,0,0,0,0,0,0
0,0,0,0,0,0,0,0,0,0,0,0,0,0,0,0,0,0,0,0,0
0,0,0,0,0,0,0,0,0,0,0,0,0,0,0,0,0,0,0,0,0
0,0,0,0,0,0,0,0,0,0,0,0,0,0,0,0,0,0,0,0,0
0,0,0,0,0,0,0,0,0,0,0,0,0,0,0,0,0,0,0,0,0
0,0,0,0,0,0,0,0,0,0,0,0,0,0,0,0,0,0,0,0,0
0,0,0,0,0,0,0,0,0,0,0,0,0,0,0,0,0,0,0,0,0
0,0,0,0,0,0,0,0,0,0,0,0,0,0,0,0,0,0,0,0,0
0,0,0,0,0,0,0,0,0,0,0,0,0,0,0,0,0,0,0,0,0
0,0,0,0,0,0,0,0,0,0,0,0,0,0,0,0,0,0,0,0,0
0,0,0,0,0,0,0,0,0,0,0,0,0,0,0,0,0,0,0,0,0
0,0,0,0,0,0,0,0,0,0,0,0,0,0,0,0,0,0,0,0,0
0,0,0,0,0,0,0,0,0,0,0,0,0,0,0,0,0,0,0,0,0
0,0,0,0,0,0,0,0,0,0,0,0,0,0,0,0,0,0,0,0,0
0,0,0,0,0,0,0,0,0,0,0,0,0,0,0,0,0,0,0,0,0
0,0,0,0,0,0,0,0,0,0,0,0,0,0,0,0,0,0,0,0,0
0,0,0,0,0,0,0,0,0,0,0,0,0,0,0,0,0,0,0,0,0
0,0,0,0,0,0,0,0,0,0,0,0,0,0,0,0,0,0,0,0,0
0,0,0,0,0,0,0,0,0,0,0,0,0,0,0,0,0,0,0,0,0
0,0,0,0,0,0,0,0,0,0,0,0,0,0,0,0,0,0,0,0,0
0,0,0,0,0,0,0,0,0,0,0,0,0,0,0,0,0,0,0,0,0
0,0,0,0,0,0,0,0,0,0,0,0,0,0,0,0,0,0,0,0,0
0,0,0,0,0,0,0,0,0,0,0,0,0,0,0,0,0,0,0,0,0
0,0,0,0,0,0,0,0,0,0,0,0,0,0,0,0,0,0,0,0,0
0,0,0,0,0,0,0,0,0,0,0,0,0,0,0,0,0,0,0,0,0
0,0,0,0,0,0,0,0,0,0,0,0,0,0,0,0,0,0,0,0,0
0,0,0,0,0,0,0,0,0,0,0,0,0,0,0,0,0,0,0,0,0
0,0,0,0,0,0,0,0,0,0,0,0,0,0,0,0,0,0,0,0,0
0,0,0,0,0,0,0,0,0,0,0,0,0,0,0,0,0,0,0,0,0
0,0,0,0,0,0,0,0,0,0,0,0,0,0,0,0,0,0,0,0,0
0,0,0,0,0,0,0,0,0,0,0,0,0,0,0,0,0,0,0,0,0
0,0,0,0,0,0,0,0,0,0,0,0,0,0,0,0,0,0,0,0,0
0,0,0,0,0,0,0,0,0,0,0,0,0,0,0,0,0,0,0,0,0
0,0,0,0,0,0,0,0,0,0,0,0,0,0,0,0,0,0,0,0,0
0,0,0,0,0,0,0,0,0,0,0,0,0,0,0,0,0,0,0,0,0
0,0,0,0,0,0,0,0,0,0,0,0,0,0,0,0,0,0,0,0,0
0,0,0,0,0,0,0,0,0,0,0,0,0,0,0,0,0,0,0,0,0
0,0,0,0,0,0,0,0,0,0,0,0,0,0,0,0,0,0,0,0,0
0,0,0,0,0,0,0,0,0,0,0,0,0,0,0,0,0,0,0,0,0
0,0,0,0,0,0,0,0,0,0,0,0,0,0,0,0,0,0,0,0,0
0,0,0,0,0,0,0,0,0,0,0,0,0,0,0,0,0,0,0,0,0
0,0,0,0,0,0,0,0,0,0,0,0,0,0,0,0,0,0,0,0,0
0,0,0,0,0,0,0,0,0,0,0,0,0,0,0,0,0,0,0,0,0
0,0,0,0,0,0,0,0,0,0,0,0,0,0,0,0,0,0,0,0,0
0,0,0,0,0,0,0,0,0,0,0,0,0,0,0,0,0,0,0,0,0
0,0,0,0,0,0,0,0,0,0,0,0,0,0,0,0,0,0,0,0,0
0,0,0,0,0,0,0,0,0,0,0,0,0,0,0,0,0,0,0,0,0
0,0,0,0,0,0,0,0,0,0,0,0,0,0,0,0,0,0,0,0,0
0,0,0,0,0,0,0,0,0,0,0,0,0,0,0,0,0,0,0,0,0
0,0,0,0,0,0,0,0,0,0,0,0,0,0,0,0,0,0,0,0,0
0,0,0,0,0,0,0,0,0,0,0,0,0,0,0,0,0,0,0,0,0
0,0,0,0,0,0,0,0,0,0,0,0,0,0,0,0,0,0,0,0,0
0,0,0,0,0,0,0,0,0,0,0,0,0,0,0,0,0,0,0,0,0
0,0,0,0,0,0,0,0,0,0,0,0,0,0,0,0,0,0,0,0,0
0,0,0,0,0,0,0,0,0,0,0,0,0,0,0,0,0,0,0,0,0
0,0,0,0,0,0,0,0,0,0,0,0,0,0,0,0,0,0,0,0,0
0,0,0,0,0,0,0,0,0,0,0,0,0,0,0,0,0,0,0,0,0
0,0,0,0,0,0,0,0,0,0,0,0,0,0,0,0,0,0,0,0,0
0,0,0,0,0,0,0,0,0,0,0,0,0,0,0,0,0,0,0,0,0
0,0,0,0,0,0,0,0,0,0,0,0,0,0,0,0,0,0,0,0,0
0,0,0,0,0,0,0,0,0,0,0,0,0,0,0,0,0,0,0,0,0
0,0,0,0,0,0,0,0,0,0,0,0,0,0,0,0,0,0,0,0,0
0,0,0,0,0,0,0,0,0,0,0,0,0,0,0,0,0,0,0,0,0
0,0,0,0,0,0,0,0,0,0,0,0,0,0,0,0,0,0,0,0,0
0,0,0,0,0,0,0,0,0,0,0,0,0,0,0,0,0,0,0,0,0
0,0,0,0,0,0,0,0,0,0,0,0,0,0,0,0,0,0,0,0,0
0,0,0,0,0,0,0,0,0,0,0,0,0,0,0,0,0,0,0,0,0
0,0,0,0,0,0,0,0,0,0,0,0,0,0,0,0,0,0,0,0,0
0,0,0,0,0,0,0,0,0,0,0,0,0,0,0,0,0,0,0,0,0
0,0,0,0,0,0,0,0,0,0,0,0,0,0,0,0,0,0,0,0,0
0,0,0,0,0,0,0,0,0,0,0,0,0,0,0,0,0,0,0,0,0
0,0,0,0,0,0,0,0,0,0,0,0,0,0,0,0,0,0,0,0,0
0,0,0,0,0,0,0,0,0,0,0,0,0,0,0,0,0,0,0,0,0
0,0,0,0,0,0,0,0,0,0,0,0,0,0,0,0,0,0,0,0,0
0,0,0,0,0,0,0,0,0,0,0,0,0,0,0,0,0,0,0,0,0
0,0,0,0,0,0,0,0,0,0,0,0,0,0,0,0,0,0,0,0,0
0,0,0,0,0,0,0,0,0,0,0,0,0,0,0,0,0,0,0,0,0
0,0,0,0,0,0,0,0,0,0,0,0,0,0,0,0,0,0,0,0,0
0,0,0,0,0,0,0,0,0,0,0,0,0,0,0,0,0,0,0,0,0
0,0,0,0,0,0,0,0,0,0,0,0,0,0,0,0,0,0,0,0,0
0,0,0,0,0,0,0,0,0,0,0,0,0,0,0,0,0,0,0,0,0
0,0,0,0,0,0,0,0,0,0,0,0,0,0,0,0,0,0,0,0,0
0,0,0,0,0,0,0,0,0,0,0,0,0,0,0,0,0,0,0,0,0
0,0,0,0,0,0,0,0,0,0,0,0,0,0,0,0,0,0,0,0,0
0,0,0,0,0,0,0,0,0,0,0,0,0,0,0,0,0,0,0,0,0
0,0,0,0,0,0,0,0,0,0,0,0,0,0,0,0,0,0,0,0,0
0,0,0,0,0,0,0,0,0,0,0,0,0,0,0,0,0,0,0,0,0
0,0,0,0,0,0,0,0,0,0,0,0,0,0,0,0,0,0,0,0,0
0,0,0,0,0,0,0,0,0,0,0,0,0,0,0,0,0,0,0,0,0
0,0,0,0,0,0,0,0,0,0,0,0,0,0,0,0,0,0,0,0,0
0,0,0,0,0,0,0,0,0,0,0,0,0,0,0,0,0,0,0,0,0
0,0,0,0,0,0,0,0,0,0,0,0,0,0,0,0,0,0,0,0,0
0,0,0,0,0,0,0,0,0,0,0,0,0,0,0,0,0,0,0,0,0
0,0,0,0,0,0,0,0,0,0,0,0,0,0,0,0,0,0,0,0,0
0,0,0,0,0,0,0,0,0,0,0,0,0,0,0,0,0,0,0,0,0
0,0,0,0,0,0,0,0,0,0,0,0,0,0,0,0,0,0,0,0,0
0,0,0,0,0,0,0,0,0,0,0,0,0,0,0,0,0,0,0,0,0
0,0,0,0,0,0,0,0,0,0,0,0,0,0,0,0,0,0,0,0,0
0,0,0,0,0,0,0,0,0,0,0,0,0,0,0,0,0,0,0,0,0
0,0,0,0,0,0,0,0,0,0,0,0,0,0,0,0,0,0,0,0,0
0,0,0,0,0,0,0,0,0,0,0,0,0,0,0,0,0,0,0,0,0
0,0,0,0,0,0,0,0,0,0,0,0,0,0,0,0,0,0,0,0,0
0,0,0,0,0,0,0,0,0,0,0,0,0,0,0,0,0,0,0,0,0
0,0,0,0,0,0,0,0,0,0,0,0,0,0,0,0,0,0,0,0,0
0,0,0,0,0,0,0,0,0,0,0,0,0,0,0,0,0,0,0,0,0
0,0,0,0,0,0,0,0,0,0,0,0,0,0,0,0,0,0,0,0,0
0,0,0,0,0,0,0,0,0,0,0,0,0,0,0,0,0,0,0,0,0
0,0,0,0,0,0,0,0,0,0,0,0,0,0,0,0,0,0,0,0,0
0,0,0,0,0,0,0,0,0,0,0,0,0,0,0,0,0,0,0,0,0
0,0,0,0,0,0,0,0,0,0,0,0,0,0,0,0,0,0,0,0,0
0,0,0,0,0,0,0,0,0,0,0,0,0,0,0,0,0,0,0,0,0
0,0,0,0,0,0,0,0,0,0,0,0,0,0,0,0,0,0,0,0,0
0,0,0,0,0,0,0,0,0,0,0,0,0,0,0,0,0,0,0,0,0
0,0,0,0,0,0,0,0,0,0,0,0,0,0,0,0,0,0,0,0,0
0,0,0,0,0,0,0,0,0,0,0,0,0,0,0,0,0,0,0,0,0
0,0,0,0,0,0,0,0,0,0,0,0,0,0,0,0,0,0,0,0,0
0,0,0,0,0,0,0,0,0,0,0,0,0,0,0,0,0,0,0,0,0
0,0,0,0,0,0,0,0,0,0,0,0,0,0,0,0,0,0,0,0,0
0,0,0,0,0,0,0,0,0,0,0,0,0,0,0,0,0,0,0,0,0
0,0,0,0,0,0,0,0,0,0,0,0,0,0,0,0,0,0,0,0,0
0,0,0,0,0,0,0,0,0,0,0,0,0,0,0,0,0,0,0,0,0
0,0,0,0,0,0,0,0,0,0,0,0,0,0,0,0,0,0,0,0,0
0,0,0,0,0,0,0,0,0,0,0,0,0,0,0,0,0,0,0,0,0
0,0,0,0,0,0,0,0,0,0,0,0,0,0,0,0,0,0,0,0,0
0,0,0,0,0,0,0,0,0,0,0,0,0,0,0,0,0,0,0,0,0
0,0,0,0,0,0,0,0,0,0,0,0,0,0,0,0,0,0,0,0,0
0,0,0,0,0,0,0,0,0,0,0,0,0,0,0,0,0,0,0,0,0
