0,-35,-56,-74,-92,-55,-85,-107,-123,-58,-84,-103,-118,-63,-92,-110,-121,-72,-101,-113,-121
0,-30,-49,-65,-81,-46,-72,-91,-105,-49,-72,-91,-105,-55,-81,-101,-114,-62,-89,-104,-113
0,-27,-45,-60,-76,-44,-69,-87,-100,-49,-71,-89,-102,-56,-82,-101,-114,-65,-90,-103,-112
0,-29,-48,-64,-81,-43,-69,-88,-102,-48,-70,-89,-103,-55,-82,-100,-112,-64,-89,-102,-109
0,-25,-41,-55,-70,-38,-62,-79,-92,-44,-64,-81,-94,-52,-76,-93,-105,-61,-84,-95,-103
0,-27,-45,-61,-77,-43,-68,-86,-99,-48,-70,-87,-100,-56,-81,-99,-111,-65,-91,-103,-110
0,-32,-53,-71,-89,-53,-81,-100,-114,-56,-81,-99,-113,-62,-89,-108,-120,-70,-97,-110,-119
0,-32,-53,-71,-91,-54,-82,-101,-114,-57,-80,-98,-111,-62,-86,-103,-115,-69,-92,-103,-111
0,-31,-51,-67,-86,-56,-84,-103,-117,-60,-85,-103,-118,-67,-99,-118,-131,-75,-110,-125,-134
0,-29,-49,-65,-83,-55,-80,-96,-107,-58,-80,-94,-105,-63,-89,-105,-116,-69,-97,-109,-118
0,-33,-55,-74,-94,-69,-100,-120,-136,-71,-106,-119,-128,-75,-113,-122,-126,-80,-120,-132,-139
0,-49,-82,-107,-134,-109,-155,-184,-200,-103,-147,-167,-182,-96,-145,-154,-157,-92,-135,-140,-139
0,-63,-113,-151,-188,-139,-176,-192,-201,-120,-149,-154,-161,-101,-121,-126,-132,-86,-101,-108,-115
0,-23,-56,-86,-120,-100,-138,-155,-165,-105,-141,-149,-156,-107,-137,-140,-143,-110,-130,-134,-138
0,-12,-28,-41,-57,-61,-82,-88,-94,-69,-86,-94,-105,-74,-93,-97,-104,-79,-100,-107,-113
0,4,-5,-17,-34,-44,-72,-89,-105,-66,-105,-127,-140,-86,-123,-148,-165,-103,-141,-165,-183
0,-3,-15,-29,-46,-35,-64,-86,-101,-52,-85,-107,-122,-69,-102,-125,-140,-84,-116,-135,-150
0,2,-8,-21,-35,-21,-46,-62,-74,-40,-89,-107,-108,-59,-97,-114,-121,-75,-104,-116,-123
0,0,-5,-13,-22,-14,-31,-43,-52,-27,-60,-75,-79,-42,-71,-87,-95,-54,-77,-87,-93
0,-4,-10,-18,-27,-20,-38,-51,-60,-32,-62,-78,-84,-46,-73,-89,-97,-58,-82,-93,-99
0,-3,-14,-25,-40,-40,-64,-79,-93,-56,-87,-105,-117,-71,-105,-124,-136,-85,-119,-138,-152
0,-4,-17,-29,-44,-44,-68,-84,-98,-58,-89,-105,-117,-72,-105,-121,-133,-85,-118,-135,-148
0,-7,-21,-36,-50,-34,-59,-73,-82,-47,-78,-91,-95,-60,-90,-95,-93,-73,-96,-101,-101
0,-6,-16,-28,-38,-23,-47,-61,-69,-34,-56,-71,-82,-44,-71,-80,-82,-54,-77,-84,-87
0,-28,-52,-71,-85,-70,-108,-123,-129,-72,-126,-145,-151,-75,-119,-120,-113,-79,-109,-108,-103
0,-22,-40,-56,-72,-51,-83,-97,-104,-55,-89,-99,-104,-61,-98,-101,-97,-67,-98,-99,-95
0,-30,-52,-70,-88,-69,-106,-123,-131,-70,-111,-123,-128,-73,-117,-122,-119,-76,-116,-120,-116
0,-43,-76,-105,-134,-93,-138,-159,-168,-89,-143,-156,-158,-86,-137,-140,-133,-86,-130,-135,-129
0,-43,-79,-111,-142,-90,-137,-159,-168,-87,-141,-152,-150,-86,-138,-138,-126,-89,-134,-137,-128
0,-26,-51,-74,-97,-72,-106,-120,-125,-73,-114,-122,-121,-74,-115,-117,-110,-76,-113,-115,-108
0,-30,-60,-87,-115,-86,-129,-152,-162,-87,-136,-148,-150,-88,-134,-134,-127,-91,-133,-137,-130
0,-23,-45,-64,-85,-62,-96,-117,-127,-64,-102,-115,-120,-66,-106,-112,-109,-69,-105,-108,-104
0,-35,-61,-82,-106,-85,-127,-154,-168,-84,-134,-153,-162,-84,-134,-142,-140,-85,-131,-139,-138
0,-25,-48,-70,-92,-57,-91,-110,-118,-58,-100,-109,-110,-62,-98,-94,-84,-67,-91,-88,-80
0,-17,-34,-53,-71,-37,-68,-86,-95,-41,-79,-90,-91,-48,-84,-83,-75,-56,-81,-81,-75
0,-11,-23,-38,-51,-24,-55,-70,-77,-31,-69,-80,-80,-41,-80,-81,-72,-51,-79,-82,-78
0,-5,-13,-24,-34,-11,-38,-52,-57,-19,-56,-67,-67,-30,-69,-71,-62,-41,-67,-71,-67
0,-7,-14,-26,-35,-13,-39,-53,-60,-21,-55,-67,-69,-32,-70,-73,-66,-44,-72,-79,-79
0,-15,-31,-44,-58,-39,-58,-74,-84,-34,-53,-58,-59,-27,-37,-30,-22,-21,-24,-12,-1
0,1,-4,-12,-22,-9,-5,-2,-2,-10,-6,0,3,-10,-2,5,6,-10,0,8,13
0,7,4,-1,-6,-14,-24,-29,-31,-26,-25,-19,-18,-36,-31,-17,-12,-46,-37,-22,-14
0,10,9,6,6,-16,-23,-20,-16,-27,-22,-11,-6,-36,-28,-10,-3,-44,-33,-16,-6
0,-14,-33,-52,-70,-41,-67,-85,-97,-49,-73,-81,-87,-58,-72,-64,-60,-70,-76,-66,-60
0,-29,-55,-79,-103,-45,-79,-100,-112,-47,-79,-91,-97,-53,-84,-88,-85,-61,-83,-82,-79
0,5,0,-10,-22,0,-8,-13,-18,-14,-39,-47,-48,-29,-51,-48,-42,-43,-54,-50,-45
0,-33,-55,-73,-88,-50,-89,-107,-117,-50,-95,-102,-99,-54,-98,-90,-77,-60,-88,-83,-76
0,-32,-56,-76,-93,-52,-88,-102,-110,-52,-96,-106,-108,-55,-96,-91,-82,-59,-88,-88,-85
0,-41,-75,-105,-132,-76,-122,-147,-161,-76,-124,-141,-148,-78,-124,-126,-121,-83,-117,-120,-119
0,-42,-86,-123,-161,-121,-172,-201,-221,-121,-182,-210,-231,-120,-172,-193,-206,-120,-162,-184,-200
0,-26,-52,-78,-103,-45,-82,-98,-107,-53,-89,-88,-82,-66,-99,-87,-74,-81,-101,-94,-87
0,-31,-54,-73,-90,-36,-66,-82,-91,-34,-65,-73,-74,-36,-69,-70,-65,-39,-68,-72,-70
0,-38,-71,-100,-127,-63,-102,-123,-131,-59,-98,-108,-107,-58,-88,-85,-74,-61,-78,-71,-60
0,-42,-72,-97,-120,-58,-89,-105,-111,-48,-78,-88,-88,-41,-67,-71,-66,-37,-56,-57,-52
0,-5,-19,-32,-46,-40,-52,-54,-56,-41,-53,-44,-35,-40,-45,-31,-22,-40,-38,-28,-20
0,-4,-14,-25,-33,-19,-27,-33,-38,-25,-24,-22,-26,-30,-28,-18,-16,-35,-32,-20,-13
0,-3,-9,-16,-21,-5,-10,-17,-24,-10,-9,-10,-14,-16,-13,-6,-4,-22,-18,-7,-1
0,2,0,-5,-8,1,-2,-7,-12,-6,-1,-1,-5,-13,-10,-2,0,-21,-17,-6,0
0,12,9,1,-4,-6,-16,-20,-23,-21,-22,-16,-14,-35,-33,-18,-10,-48,-40,-21,-10
0,9,1,-8,-17,-26,-43,-47,-47,-39,-50,-41,-35,-52,-55,-34,-21,-64,-57,-36,-21
0,-13,-40,-64,-84,-85,-117,-122,-122,-95,-120,-107,-101,-104,-118,-90,-75,-114,-116,-95,-84
0,-11,-40,-67,-91,-89,-117,-119,-118,-102,-126,-114,-107,-112,-124,-97,-83,-125,-126,-107,-97
0,-20,-48,-73,-96,-88,-116,-123,-125,-93,-122,-123,-124,-96,-121,-120,-119,-99,-118,-120,-122
0,-36,-77,-111,-144,-99,-139,-153,-161,-101,-140,-142,-143,-104,-138,-124,-113,-109,-135,-128,-123
0,-32,-59,-84,-104,-42,-85,-102,-105,-46,-92,-100,-96,-55,-100,-89,-72,-66,-97,-90,-78
0,-36,-57,-78,-95,-32,-77,-107,-118,-34,-75,-95,-101,-43,-81,-90,-87,-54,-84,-88,-85
0,-85,-146,-193,-246,-201,-277,-323,-357,-200,-274,-331,-378,-198,-285,-345,-386,-194,-269,-301,-325
0,-62,-113,-157,-206,-155,-218,-258,-288,-157,-213,-259,-298,-156,-218,-261,-291,-155,-209,-227,-239
0,-55,-98,-132,-174,-143,-199,-236,-265,-152,-208,-261,-305,-157,-233,-290,-327,-160,-227,-250,-265
0,-15,-29,-43,-58,-36,-53,-64,-72,-42,-58,-70,-78,-49,-71,-85,-94,-57,-80,-91,-98
0,-15,-28,-40,-53,-32,-48,-59,-68,-37,-51,-61,-70,-42,-61,-75,-84,-49,-71,-82,-88
0,-21,-35,-47,-60,-45,-64,-75,-84,-49,-67,-80,-89,-53,-79,-93,-103,-58,-88,-99,-105
0,-23,-38,-50,-64,-47,-66,-78,-87,-50,-66,-78,-88,-54,-77,-92,-102,-58,-85,-97,-104
0,-31,-50,-65,-82,-64,-88,-102,-113,-65,-89,-106,-119,-66,-98,-117,-130,-68,-105,-120,-130
0,-32,-53,-69,-87,-71,-99,-115,-128,-73,-102,-120,-134,-75,-113,-136,-152,-78,-120,-139,-151
0,-29,-51,-68,-87,-57,-86,-105,-119,-58,-83,-99,-110,-60,-87,-99,-108,-64,-90,-100,-106
0,-29,-53,-74,-95,-55,-83,-98,-108,-56,-89,-107,-119,-58,-92,-103,-105,-61,-88,-94,-94
0,-81,-149,-209,-275,-164,-236,-288,-325,-166,-227,-275,-313,-169,-230,-273,-304,-176,-230,-252,-269
0,-66,-125,-178,-236,-140,-206,-253,-288,-146,-198,-242,-278,-153,-206,-247,-277,-163,-210,-230,-244
0,-52,-104,-153,-208,-130,-192,-236,-269,-140,-190,-233,-268,-150,-201,-242,-273,-161,-207,-227,-242
0,-54,-108,-159,-214,-129,-191,-236,-268,-139,-188,-228,-261,-149,-199,-240,-269,-161,-208,-230,-246
0,-54,-105,-153,-205,-118,-176,-219,-250,-126,-172,-211,-243,-134,-180,-218,-246,-145,-189,-210,-225
0,-51,-98,-143,-193,-108,-157,-192,-219,-113,-155,-192,-222,-119,-160,-198,-226,-126,-165,-187,-203
0,-56,-102,-147,-196,-106,-152,-185,-211,-108,-149,-184,-212,-111,-152,-186,-210,-118,-158,-179,-194
0,-57,-103,-145,-193,-100,-145,-178,-204,-100,-141,-176,-204,-102,-140,-172,-195,-108,-144,-165,-179
0,-51,-95,-137,-184,-95,-140,-174,-200,-99,-136,-168,-194,-106,-142,-170,-192,-116,-150,-167,-179
0,-45,-84,-122,-165,-78,-116,-145,-167,-83,-116,-143,-164,-90,-122,-145,-161,-101,-131,-143,-152
0,-48,-86,-122,-162,-81,-121,-152,-175,-86,-120,-149,-173,-94,-128,-153,-171,-105,-139,-154,-164
0,-48,-86,-123,-164,-83,-123,-153,-176,-88,-123,-152,-177,-95,-130,-154,-172,-106,-139,-154,-165
0,-48,-87,-123,-165,-83,-123,-154,-177,-88,-124,-154,-179,-95,-131,-155,-173,-106,-140,-154,-165
0,-44,-81,-117,-157,-78,-117,-147,-171,-84,-119,-148,-172,-93,-126,-148,-165,-105,-136,-150,-160
0,-47,-86,-122,-164,-85,-126,-158,-183,-91,-127,-157,-183,-99,-134,-160,-180,-110,-144,-161,-173
0,-46,-83,-118,-157,-79,-118,-148,-171,-85,-119,-148,-172,-92,-127,-151,-170,-104,-138,-154,-165
0,-41,-78,-115,-158,-85,-127,-157,-181,-99,-138,-171,-199,-114,-156,-191,-218,-131,-172,-197,-217
0,-46,-83,-120,-162,-77,-117,-147,-173,-86,-144,-183,-207,-98,-151,-190,-216,-111,-158,-187,-207
0,-44,-81,-117,-157,-79,-119,-144,-166,-89,-147,-178,-192,-101,-151,-185,-205,-115,-156,-177,-193
0,-41,-79,-115,-156,-81,-123,-152,-174,-88,-124,-153,-174,-97,-133,-163,-184,-108,-141,-158,-170
0,-37,-74,-113,-155,-76,-128,-163,-187,-90,-133,-165,-193,-108,-154,-189,-214,-127,-174,-201,-221
0,-32,-67,-105,-146,-73,-133,-175,-201,-89,-138,-174,-201,-109,-157,-192,-215,-130,-176,-200,-218
0,-34,-69,-105,-144,-75,-135,-173,-193,-88,-147,-178,-195,-106,-165,-192,-204,-124,-174,-191,-198
0,-27,-59,-93,-129,-73,-131,-166,-184,-88,-145,-171,-184,-106,-162,-186,-196,-126,-175,-196,-207
0,-30,-69,-110,-156,-84,-149,-200,-233,-104,-166,-208,-236,-126,-182,-215,-237,-150,-201,-226,-243
0,-31,-68,-108,-150,-80,-146,-188,-210,-95,-155,-183,-196,-113,-165,-180,-186,-134,-176,-187,-192
0,-25,-57,-92,-129,-73,-130,-164,-181,-89,-142,-162,-170,-109,-157,-171,-176,-130,-173,-185,-190
0,-26,-58,-92,-130,-85,-128,-153,-167,-100,-139,-156,-165,-116,-162,-189,-205,-130,-182,-208,-223
0,-24,-41,-56,-70,-51,-82,-102,-112,-58,-76,-91,-103,-68,-94,-114,-129,-77,-106,-115,-121
0,-65,-111,-143,-172,-126,-150,-150,-150,-103,-134,-130,-127,-80,-105,-92,-82,-59,-82,-78,-72
0,-58,-98,-125,-149,-121,-154,-163,-167,-103,-132,-130,-127,-84,-111,-97,-86,-68,-90,-81,-72
0,-54,-93,-125,-156,-81,-134,-174,-197,-81,-126,-161,-187,-85,-130,-167,-190,-92,-126,-147,-161
0,-65,-121,-163,-209,-165,-231,-269,-294,-159,-215,-245,-268,-152,-203,-237,-260,-147,-191,-218,-237
0,-39,-75,-100,-127,-132,-185,-214,-232,-133,-183,-208,-225,-131,-177,-207,-226,-128,-171,-196,-212
0,-108,-184,-241,-301,-207,-285,-335,-370,-187,-255,-300,-334,-168,-229,-271,-299,-156,-208,-238,-260
0,-117,-196,-252,-310,-216,-296,-347,-383,-191,-260,-306,-341,-168,-230,-272,-301,-151,-206,-237,-259
0,-106,-178,-231,-285,-193,-268,-317,-350,-174,-237,-280,-313,-156,-215,-254,-281,-145,-198,-225,-244
0,-132,-218,-278,-340,-239,-325,-381,-420,-208,-279,-323,-359,-180,-245,-284,-313,-160,-216,-247,-270
0,-145,-239,-304,-370,-278,-378,-441,-485,-241,-325,-375,-417,-207,-283,-331,-367,-180,-247,-287,-318
0,-153,-253,-321,-389,-301,-411,-479,-526,-262,-356,-412,-458,-225,-312,-368,-409,-195,-271,-317,-351
0,-135,-224,-284,-344,-265,-361,-419,-460,-232,-311,-355,-392,-201,-273,-317,-350,-176,-242,-280,-308
0,-157,-258,-322,-386,-326,-447,-525,-579,-286,-395,-466,-522,-243,-342,-406,-452,-206,-290,-336,-371
0,-142,-238,-300,-362,-295,-403,-471,-520,-261,-358,-421,-470,-227,-315,-373,-416,-197,-274,-318,-349
0,-103,-164,-208,-249,-163,-229,-265,-290,-137,-200,-222,-233,-117,-182,-181,-170,-104,-157,-159,-152
0,-20,-38,-53,-66,-35,-53,-62,-66,-35,-51,-55,-57,-35,-48,-46,-44,-37,-46,-43,-40
0,-83,-164,-228,-296,-228,-312,-380,-424,-213,-298,-352,-395,-191,-247,-271,-291,-173,-198,-198,-206
0,-88,-146,-180,-215,-214,-279,-314,-336,-183,-240,-261,-280,-148,-192,-201,-209,-117,-148,-155,-162
0,-32,-58,-78,-99,-80,-109,-127,-138,-75,-109,-123,-133,-70,-100,-115,-124,-66,-90,-101,-108
0,-6,-15,-24,-35,-27,-39,-48,-55,-35,-50,-65,-75,-42,-64,-86,-101,-48,-70,-83,-92
0,-57,-120,-173,-229,-186,-255,-296,-320,-182,-258,-295,-323,-174,-238,-269,-289,-167,-208,-225,-240
0,-85,-146,-192,-239,-186,-240,-272,-300,-169,-240,-291,-334,-148,-217,-267,-304,-129,-179,-211,-238
0,-81,-138,-182,-228,-167,-220,-247,-267,-153,-213,-253,-281,-138,-208,-252,-276,-125,-176,-202,-220
0,-87,-155,-209,-261,-182,-252,-293,-324,-170,-257,-297,-320,-158,-232,-237,-231,-152,-210,-216,-213
0,-99,-180,-247,-312,-214,-300,-352,-392,-206,-331,-402,-446,-196,-299,-328,-338,-191,-265,-286,-296
0,-71,-132,-184,-235,-146,-213,-256,-286,-143,-229,-260,-272,-141,-211,-209,-198,-146,-195,-194,-186
0,-90,-168,-231,-300,-223,-302,-350,-381,-210,-302,-346,-378,-194,-276,-312,-332,-182,-240,-262,-278
0,-111,-214,-297,-379,-261,-360,-420,-459,-244,-365,-410,-432,-226,-313,-330,-335,-214,-262,-268,-272
0,-29,-63,-91,-119,-85,-107,-112,-115,-80,-99,-85,-72,-73,-83,-59,-43,-67,-73,-55,-41
0,-8,-20,-30,-40,-20,-16,-9,-6,-21,-14,-2,5,-19,-12,1,9,-18,-11,1,9
0,21,31,38,48,10,21,37,48,-2,10,27,38,-12,0,20,32,-19,-7,13,27
0,29,38,42,48,1,7,23,36,-17,-12,5,20,-31,-25,0,16,-42,-29,-3,14
0,22,14,-1,-18,-16,-31,-37,-39,-39,-46,-41,-38,-59,-57,-37,-25,-77,-65,-40,-24
0,19,8,-7,-23,-37,-58,-66,-67,-57,-67,-59,-56,-73,-75,-54,-43,-87,-80,-59,-45
0,3,-9,-26,-41,-14,-32,-44,-53,-29,-46,-55,-66,-44,-56,-53,-53,-58,-64,-58,-56
0,-6,-24,-44,-63,-30,-61,-83,-97,-43,-72,-88,-99,-57,-85,-96,-102,-71,-91,-99,-103
0,-25,-43,-61,-78,-32,-64,-86,-97,-36,-69,-87,-98,-44,-74,-88,-95,-55,-77,-88,-95
0,-55,-96,-130,-166,-85,-122,-152,-174,-82,-109,-131,-149,-83,-110,-127,-139,-88,-118,-126,-131
0,-37,-70,-101,-135,-66,-95,-116,-133,-71,-102,-128,-148,-77,-112,-143,-165,-84,-114,-131,-142
0,-45,-83,-117,-152,-76,-118,-149,-169,-79,-117,-143,-161,-87,-126,-152,-168,-97,-128,-141,-150
0,-30,-62,-95,-130,-54,-99,-134,-153,-63,-95,-122,-141,-75,-108,-131,-146,-89,-112,-118,-123
0,-16,-37,-60,-82,-27,-53,-68,-74,-36,-61,-78,-88,-49,-74,-98,-112,-62,-81,-94,-104
0,-20,-40,-61,-81,-27,-66,-94,-108,-36,-60,-78,-90,-50,-75,-92,-103,-65,-83,-89,-93
0,-8,-22,-38,-53,-13,-42,-57,-64,-24,-68,-81,-79,-40,-71,-80,-81,-56,-74,-81,-84
0,-2,-8,-17,-25,-1,-22,-37,-45,-12,-39,-54,-61,-25,-49,-58,-60,-39,-57,-67,-73
0,-4,-8,-15,-21,1,-19,-32,-39,-6,-27,-40,-47,-17,-39,-46,-48,-29,-46,-54,-59
0,-4,-7,-12,-16,0,-20,-30,-33,-7,-33,-44,-48,-18,-43,-51,-52,-28,-46,-54,-58
0,3,1,-5,-10,4,-9,-17,-21,-8,-35,-49,-54,-21,-44,-53,-55,-34,-50,-58,-62
0,3,2,-2,-6,8,-2,-9,-15,-3,-27,-41,-47,-16,-36,-45,-48,-29,-43,-50,-54
0,17,21,16,9,19,10,3,-3,-2,-30,-48,-57,-23,-52,-64,-67,-42,-66,-79,-85
0,10,8,1,-4,-9,-25,-29,-31,-25,-55,-65,-68,-40,-71,-78,-77,-53,-79,-92,-98
0,1,0,-4,-5,-7,-15,-19,-22,-15,-33,-40,-45,-23,-37,-35,-34,-30,-44,-50,-54
0,0,-3,-8,-9,-24,-33,-33,-34,-31,-44,-42,-42,-37,-48,-43,-41,-43,-60,-68,-73
0,4,-4,-15,-28,-26,-42,-51,-58,-40,-56,-65,-74,-50,-65,-66,-68,-61,-70,-68,-67
0,-9,-24,-39,-54,-11,-12,-12,-14,-12,-13,-10,-9,-12,-12,-2,2,-12,-9,1,10
0,-1,-13,-26,-39,-18,-13,-7,-5,-22,-14,-3,1,-22,-13,3,9,-22,-13,2,11
0,0,-8,-15,-23,-23,-26,-25,-25,-29,-29,-20,-15,-34,-33,-15,-4,-38,-34,-16,-3
0,0,-9,-19,-28,-40,-57,-63,-65,-51,-70,-63,-56,-60,-72,-51,-36,-68,-71,-53,-39
0,0,-8,-14,-20,-44,-58,-59,-57,-52,-70,-61,-51,-58,-69,-48,-31,-62,-67,-51,-38
0,-14,-33,-47,-57,-81,-103,-99,-89,-83,-96,-79,-68,-83,-90,-69,-56,-84,-90,-78,-70
0,-31,-63,-89,-114,-114,-157,-183,-197,-113,-156,-161,-163,-109,-141,-129,-118,-108,-132,-127,-121
0,-52,-92,-127,-158,-77,-134,-160,-167,-72,-128,-138,-132,-73,-123,-115,-97,-77,-107,-101,-88
0,-26,-47,-59,-74,-115,-152,-168,-178,-116,-151,-167,-181,-113,-148,-169,-184,-107,-144,-164,-177
0,-23,-44,-57,-72,-109,-147,-164,-178,-114,-151,-171,-188,-114,-154,-179,-197,-111,-150,-167,-179
0,-60,-107,-144,-186,-132,-181,-212,-234,-129,-171,-201,-225,-126,-168,-199,-222,-125,-165,-185,-200
0,-56,-95,-124,-156,-122,-161,-186,-206,-115,-146,-169,-191,-107,-143,-171,-193,-101,-136,-154,-168
0,-66,-108,-137,-168,-138,-184,-214,-236,-126,-165,-192,-217,-113,-156,-188,-212,-103,-142,-164,-181
0,-60,-95,-118,-139,-91,-135,-159,-174,-77,-117,-124,-127,-67,-111,-109,-103,-61,-96,-99,-98
0,-12,-23,-34,-44,-10,-27,-37,-41,-12,-23,-25,-24,-16,-28,-23,-18,-22,-28,-22,-16
0,-21,-50,-75,-104,-76,-107,-126,-136,-77,-99,-108,-118,-76,-95,-97,-101,-76,-87,-83,-82
0,-9,-22,-32,-43,-58,-80,-89,-91,-63,-84,-92,-96,-66,-83,-92,-97,-68,-83,-89,-92
0,-9,-22,-32,-42,-60,-82,-88,-89,-65,-86,-92,-95,-67,-84,-90,-93,-68,-82,-86,-88
0,-28,-55,-73,-91,-104,-129,-133,-132,-98,-122,-116,-111,-90,-107,-100,-92,-82,-96,-94,-91
0,-47,-83,-112,-139,-107,-148,-171,-186,-99,-138,-150,-161,-91,-135,-144,-147,-87,-120,-129,-135
0,-27,-54,-81,-107,-48,-86,-109,-121,-58,-99,-119,-126,-72,-109,-124,-130,-87,-118,-127,-131
0,-43,-76,-107,-137,-74,-122,-155,-174,-79,-126,-151,-165,-88,-132,-153,-164,-100,-134,-149,-159
0,-48,-80,-106,-132,-81,-128,-162,-181,-81,-124,-149,-165,-85,-127,-153,-169,-94,-130,-152,-168
0,-30,-52,-74,-97,-46,-80,-105,-118,-51,-75,-97,-113,-58,-84,-106,-122,-68,-91,-105,-115
0,-31,-56,-80,-107,-53,-85,-106,-121,-61,-87,-109,-126,-72,-104,-131,-149,-84,-118,-137,-148
0,-40,-70,-97,-127,-77,-112,-134,-151,-83,-115,-141,-161,-90,-129,-161,-184,-99,-140,-163,-177
0,-44,-75,-101,-130,-88,-124,-147,-164,-91,-126,-155,-178,-93,-137,-169,-191,-98,-142,-164,-177
0,-42,-72,-97,-124,-86,-123,-144,-161,-89,-124,-153,-174,-92,-136,-168,-189,-96,-139,-160,-173
0,-46,-76,-99,-124,-87,-122,-142,-158,-87,-123,-151,-171,-87,-137,-169,-187,-88,-138,-159,-169
0,-46,-75,-97,-120,-84,-121,-143,-159,-84,-122,-149,-167,-85,-136,-164,-178,-87,-135,-149,-154
0,-49,-78,-101,-125,-84,-128,-151,-161,-80,-133,-156,-162,-79,-142,-152,-138,-80,-130,-130,-115
0,-47,-82,-112,-143,-110,-161,-194,-216,-106,-173,-196,-202,-102,-163,-164,-151,-101,-149,-148,-136
0,-52,-89,-117,-147,-113,-157,-183,-199,-103,-166,-180,-180,-93,-147,-144,-130,-86,-125,-122,-110
0,-75,-135,-180,-222,-172,-238,-272,-291,-153,-225,-249,-262,-132,-187,-192,-193,-116,-158,-163,-163
0,-46,-83,-116,-147,-77,-119,-142,-153,-69,-107,-116,-117,-65,-91,-86,-79,-66,-79,-73,-66
0,-32,-71,-107,-147,-93,-139,-168,-183,-93,-128,-137,-145,-93,-121,-122,-122,-95,-109,-103,-98
0,-11,-25,-35,-43,-40,-55,-59,-60,-42,-46,-39,-37,-43,-45,-29,-20,-45,-45,-31,-21
0,-11,-23,-33,-38,-45,-58,-57,-53,-47,-55,-46,-40,-48,-53,-36,-25,-49,-51,-38,-27
0,-12,-27,-37,-44,-62,-86,-91,-88,-65,-82,-73,-66,-67,-76,-57,-44,-69,-70,-54,-43
0,-10,-24,-34,-41,-67,-87,-85,-78,-69,-81,-73,-67,-69,-76,-62,-54,-68,-72,-62,-54
0,-22,-41,-53,-65,-80,-104,-111,-114,-79,-105,-112,-118,-75,-99,-95,-90,-70,-90,-88,-84
0,-42,-73,-95,-114,-105,-149,-168,-178,-101,-147,-159,-169,-97,-143,-152,-156,-95,-129,-140,-148
0,-42,-73,-102,-133,-68,-113,-142,-157,-69,-101,-119,-131,-73,-112,-119,-116,-81,-107,-104,-98
0,-43,-84,-124,-166,-91,-153,-195,-219,-99,-162,-194,-208,-109,-166,-173,-168,-124,-165,-168,-163
0,-29,-51,-73,-99,-47,-85,-112,-130,-58,-93,-116,-132,-70,-113,-127,-131,-85,-123,-130,-132
0,-38,-65,-92,-120,-53,-91,-119,-137,-60,-97,-120,-134,-70,-118,-132,-133,-83,-126,-135,-136
0,-50,-82,-110,-137,-70,-119,-149,-165,-70,-127,-160,-175,-74,-135,-150,-146,-80,-123,-125,-117
0,-62,-100,-134,-168,-80,-126,-156,-175,-76,-120,-145,-158,-76,-131,-140,-134,-81,-125,-129,-124
0,-53,-83,-111,-138,-61,-102,-129,-144,-60,-100,-122,-131,-63,-117,-120,-107,-71,-110,-104,-92
0,-61,-100,-134,-168,-100,-148,-174,-188,-95,-150,-173,-183,-95,-159,-167,-155,-98,-141,-141,-132
0,-44,-76,-106,-137,-85,-123,-144,-158,-81,-138,-154,-155,-78,-130,-129,-116,-79,-114,-112,-102
0,-37,-69,-97,-128,-80,-116,-141,-158,-78,-126,-141,-144,-76,-122,-120,-109,-77,-107,-100,-89
0,-38,-68,-94,-122,-78,-121,-147,-162,-78,-132,-152,-157,-80,-130,-131,-122,-83,-118,-116,-107
0,-34,-59,-83,-107,-67,-107,-130,-141,-69,-108,-123,-129,-72,-116,-120,-113,-78,-108,-104,-95
0,-31,-58,-83,-111,-68,-105,-132,-148,-70,-105,-121,-131,-74,-108,-118,-122,-80,-107,-111,-111
0,-29,-57,-84,-115,-62,-100,-127,-143,-65,-99,-115,-125,-70,-101,-110,-112,-78,-103,-105,-105
0,-39,-70,-98,-129,-70,-112,-140,-154,-69,-105,-123,-134,-70,-104,-114,-117,-75,-100,-103,-103
0,-38,-66,-92,-119,-62,-106,-135,-149,-61,-104,-122,-128,-64,-103,-109,-106,-69,-98,-99,-96
0,-18,-43,-70,-101,-51,-85,-109,-121,-58,-87,-101,-108,-66,-97,-103,-104,-75,-102,-104,-102
0,-25,-56,-87,-121,-72,-114,-142,-155,-76,-112,-125,-133,-80,-113,-117,-116,-86,-111,-110,-107
0,-26,-59,-92,-128,-74,-115,-145,-162,-79,-114,-127,-136,-84,-115,-118,-118,-92,-112,-108,-105
0,-30,-55,-69,-81,-110,-141,-150,-155,-101,-126,-125,-126,-88,-106,-90,-78,-77,-97,-99,-97
0,-24,-44,-57,-68,-84,-108,-115,-117,-79,-99,-100,-101,-70,-84,-73,-63,-63,-76,-72,-67
0,-21,-38,-48,-57,-81,-104,-111,-113,-75,-92,-90,-89,-66,-77,-64,-54,-58,-69,-64,-58
0,-18,-35,-47,-59,-67,-86,-91,-91,-63,-77,-75,-72,-56,-63,-51,-41,-49,-52,-41,-31
0,-13,-25,-32,-38,-49,-59,-58,-54,-46,-53,-47,-41,-40,-44,-29,-16,-35,-38,-27,-15
0,-8,-18,-23,-26,-48,-57,-54,-49,-44,-49,-40,-31,-38,-38,-19,-4,-31,-31,-18,-5
0,5,2,2,3,-43,-53,-57,-59,-45,-46,-38,-37,-42,-36,-14,0,-39,-40,-28,-17
0,6,-4,-16,-26,-46,-65,-74,-79,-56,-70,-72,-75,-61,-69,-52,-40,-66,-74,-66,-58
0,1,-9,-20,-29,-41,-59,-64,-65,-51,-68,-69,-70,-58,-74,-70,-65,-65,-79,-82,-81
0,-12,-25,-35,-44,-55,-75,-80,-82,-60,-80,-81,-83,-64,-85,-88,-90,-67,-86,-92,-96
0,-20,-39,-53,-67,-67,-93,-106,-114,-69,-95,-101,-106,-71,-100,-107,-111,-73,-99,-107,-112
0,-28,-61,-94,-131,-83,-120,-144,-157,-87,-120,-138,-153,-92,-126,-140,-148,-97,-113,-115,-119
0,-50,-83,-114,-145,-59,-91,-116,-133,-58,-88,-108,-123,-61,-96,-105,-107,-70,-103,-113,-117
0,-38,-57,-73,-89,-30,-57,-79,-92,-27,-51,-71,-82,-30,-54,-71,-79,-36,-61,-75,-81
0,-35,-57,-79,-100,-29,-64,-92,-105,-28,-56,-78,-90,-33,-58,-76,-85,-42,-64,-77,-81
0,-37,-56,-73,-89,-29,-55,-77,-90,-28,-52,-71,-81,-33,-58,-72,-78,-41,-66,-78,-82
0,-44,-67,-86,-106,-44,-74,-98,-115,-44,-70,-93,-110,-49,-78,-97,-109,-57,-88,-105,-114
0,-47,-74,-97,-121,-51,-84,-110,-129,-51,-79,-106,-127,-55,-85,-108,-121,-63,-93,-110,-119
0,-61,-101,-135,-173,-95,-144,-179,-202,-94,-143,-181,-207,-96,-147,-172,-184,-102,-140,-153,-159
0,-70,-110,-141,-174,-105,-148,-177,-195,-95,-139,-173,-196,-87,-133,-157,-168,-83,-116,-128,-134
0,-70,-115,-152,-190,-119,-170,-201,-221,-111,-162,-200,-225,-104,-156,-182,-194,-102,-138,-151,-159
0,-80,-131,-170,-210,-138,-191,-224,-246,-125,-180,-222,-250,-114,-170,-202,-220,-107,-153,-172,-183
0,-77,-124,-162,-202,-133,-184,-216,-238,-122,-180,-223,-252,-111,-172,-201,-213,-103,-150,-165,-170
0,-64,-105,-137,-171,-111,-154,-183,-204,-101,-150,-182,-205,-91,-136,-161,-178,-86,-123,-138,-147
0,-66,-108,-141,-177,-118,-163,-191,-211,-104,-158,-190,-211,-91,-136,-158,-172,-81,-115,-129,-138
0,-63,-110,-146,-185,-135,-189,-223,-247,-122,-184,-213,-230,-109,-163,-177,-183,-100,-141,-152,-157
0,-63,-108,-143,-182,-128,-179,-214,-238,-113,-174,-201,-216,-99,-153,-168,-172,-87,-129,-138,-140
0,-69,-115,-149,-186,-129,-189,-230,-253,-107,-172,-199,-210,-88,-140,-148,-146,-73,-108,-110,-106
0,-68,-113,-146,-179,-126,-187,-226,-247,-105,-168,-184,-186,-87,-140,-138,-127,-73,-110,-107,-96
0,-42,-71,-93,-116,-92,-136,-162,-176,-81,-133,-140,-134,-70,-115,-107,-91,-62,-92,-84,-68
0,-38,-69,-96,-126,-95,-137,-163,-179,-90,-142,-150,-148,-86,-130,-122,-107,-84,-117,-111,-98
0,-31,-64,-97,-131,-85,-133,-163,-180,-89,-148,-158,-155,-94,-143,-133,-116,-102,-139,-134,-120
0,-27,-58,-87,-119,-77,-121,-149,-165,-82,-133,-144,-142,-88,-133,-126,-112,-96,-130,-125,-112
0,-24,-44,-62,-83,-61,-102,-129,-143,-63,-104,-116,-121,-65,-107,-105,-95,-69,-98,-93,-83
0,-9,-28,-45,-64,-52,-81,-99,-107,-61,-83,-97,-107,-68,-92,-108,-120,-73,-90,-98,-103
0,-5,-21,-36,-52,-57,-95,-121,-135,-69,-102,-119,-128,-79,-109,-116,-119,-89,-108,-108,-107
0,-18,-37,-54,-72,-57,-88,-107,-121,-65,-99,-113,-123,-73,-109,-116,-121,-81,-108,-113,-116
0,-10,-20,-30,-42,-32,-57,-74,-86,-41,-67,-80,-89,-50,-76,-78,-76,-60,-80,-80,-77
0,-24,-45,-64,-83,-67,-106,-132,-150,-77,-123,-145,-158,-88,-135,-142,-141,-100,-141,-147,-146
0,-33,-54,-71,-89,-62,-95,-120,-137,-64,-98,-116,-130,-68,-108,-117,-121,-73,-109,-114,-116
0,-43,-69,-89,-110,-81,-122,-152,-171,-81,-123,-150,-170,-84,-132,-153,-167,-88,-130,-142,-149
0,-49,-88,-118,-150,-113,-169,-209,-234,-115,-170,-207,-236,-118,-175,-209,-233,-121,-172,-195,-212
0,-34,-58,-78,-98,-64,-107,-137,-153,-65,-104,-124,-137,-70,-114,-126,-129,-75,-112,-120,-121
0,-38,-64,-85,-103,-71,-118,-149,-165,-69,-109,-127,-139,-70,-112,-119,-119,-73,-109,-114,-113
0,-37,-62,-79,-94,-79,-118,-137,-145,-76,-110,-124,-132,-75,-114,-122,-123,-74,-115,-127,-129
0,-27,-52,-73,-94,-83,-113,-130,-142,-87,-126,-150,-167,-90,-133,-160,-180,-92,-136,-159,-175
0,-45,-77,-105,-133,-91,-131,-155,-167,-83,-124,-145,-159,-76,-118,-140,-149,-71,-101,-115,-123
0,-43,-83,-116,-151,-117,-160,-185,-200,-120,-161,-186,-205,-122,-163,-185,-201,-125,-165,-183,-198
0,-45,-87,-124,-165,-120,-172,-200,-216,-123,-188,-215,-227,-126,-188,-215,-228,-130,-186,-215,-233
0,-43,-80,-112,-146,-102,-149,-178,-196,-105,-163,-188,-200,-108,-167,-190,-200,-113,-166,-187,-198
0,-41,-80,-113,-148,-101,-148,-180,-200,-103,-149,-171,-186,-105,-151,-169,-181,-109,-151,-167,-177
0,-54,-84,-108,-134,-64,-95,-119,-137,-53,-92,-115,-127,-46,-82,-94,-99,-43,-69,-75,-77
0,-63,-103,-135,-167,-101,-143,-171,-188,-89,-134,-156,-168,-79,-120,-134,-140,-75,-103,-113,-119
0,-38,-67,-93,-120,-83,-121,-147,-165,-85,-124,-150,-169,-88,-128,-156,-175,-92,-127,-145,-159
0,0,-16,-34,-55,-55,-90,-110,-124,-78,-116,-135,-147,-99,-138,-155,-165,-118,-154,-170,-181
0,-13,-19,-25,-31,-29,-49,-62,-74,-36,-62,-74,-81,-44,-76,-76,-70,-53,-87,-99,-102
0,-1,-7,-15,-24,-8,-28,-41,-50,-23,-52,-69,-76,-40,-68,-87,-97,-57,-80,-94,-103
0,-5,-13,-23,-34,-7,-25,-39,-49,-20,-50,-67,-74,-35,-62,-74,-78,-50,-70,-77,-81
0,-4,-18,-35,-53,-42,-80,-106,-123,-60,-102,-125,-138,-77,-118,-133,-140,-94,-125,-135,-141
0,0,-15,-32,-50,-37,-71,-93,-107,-54,-91,-107,-117,-71,-106,-117,-122,-87,-115,-125,-131
0,-11,-29,-46,-64,-50,-79,-98,-110,-60,-89,-101,-110,-69,-97,-102,-103,-79,-100,-103,-104
0,-9,-18,-31,-42,8,-16,-36,-45,0,-29,-49,-56,-10,-35,-49,-52,-23,-35,-42,-45
0,-4,-9,-18,-27,13,-9,-33,-47,0,-23,-45,-58,-16,-38,-53,-61,-34,-52,-63,-71
0,-5,-16,-31,-45,3,-27,-54,-69,-10,-42,-66,-78,-28,-54,-69,-77,-48,-65,-77,-84
0,-19,-39,-61,-81,-31,-74,-103,-118,-41,-84,-103,-108,-55,-85,-94,-95,-71,-93,-101,-103
0,-2,-13,-27,-42,-16,-40,-60,-74,-32,-55,-74,-90,-50,-75,-93,-106,-69,-90,-102,-112
0,4,1,-6,-15,28,23,13,4,11,8,-2,-12,-7,-16,-26,-35,-27,-36,-39,-42
0,-20,-50,-78,-110,-96,-136,-172,-195,-99,-128,-152,-177,-97,-120,-138,-156,-95,-103,-103,-110
0,-2,0,4,12,4,17,25,29,10,31,38,39,16,33,38,37,23,39,48,53
0,6,9,11,14,1,3,2,1,-1,5,7,6,-2,5,12,14,-2,4,15,23
0,2,-5,-13,-21,-36,-51,-53,-53,-44,-54,-52,-56,-50,-60,-60,-62,-55,-68,-73,-76
0,-4,-23,-39,-55,-77,-110,-121,-125,-89,-121,-135,-148,-97,-120,-127,-133,-102,-117,-118,-120
0,-2,-20,-40,-60,-49,-79,-95,-103,-64,-95,-106,-112,-76,-101,-94,-83,-88,-105,-96,-85
0,-18,-34,-46,-57,-68,-96,-107,-114,-73,-101,-109,-116,-77,-104,-108,-109,-81,-105,-108,-108
0,-17,-40,-64,-89,-68,-93,-113,-127,-75,-93,-110,-131,-78,-103,-124,-142,-82,-91,-92,-99
0,-35,-66,-94,-124,-87,-132,-158,-173,-94,-148,-171,-181,-102,-158,-170,-167,-112,-152,-155,-151
0,-26,-49,-70,-94,-54,-83,-103,-117,-62,-88,-110,-128,-70,-103,-132,-153,-78,-111,-127,-140
0,1,3,6,9,-31,-37,-35,-37,-41,-45,-50,-58,-50,-69,-92,-110,-56,-88,-109,-123
0,-25,-44,-61,-79,-62,-86,-102,-115,-67,-94,-112,-125,-71,-105,-121,-132,-76,-110,-121,-126
0,-13,-36,-59,-81,-63,-88,-94,-96,-71,-93,-87,-83,-77,-90,-72,-62,-86,-89,-76,-70
0,-38,-70,-96,-123,-82,-129,-163,-185,-89,-133,-152,-167,-98,-146,-154,-158,-110,-153,-160,-162
0,-28,-62,-94,-126,-57,-95,-121,-137,-64,-112,-133,-138,-73,-112,-130,-135,-83,-106,-112,-114
0,15,22,25,27,12,12,13,14,4,5,6,7,-1,2,6,8,-6,0,6,11
0,-11,-31,-50,-72,-40,-64,-82,-95,-53,-73,-91,-105,-67,-91,-115,-132,-79,-107,-121,-132
0,-39,-85,-128,-174,-121,-180,-218,-238,-125,-180,-193,-201,-128,-174,-171,-164,-134,-161,-154,-147
0,-42,-77,-100,-123,-126,-167,-184,-191,-117,-156,-154,-151,-106,-140,-127,-113,-97,-118,-109,-100
0,-35,-66,-96,-123,-60,-112,-140,-151,-61,-98,-103,-103,-66,-96,-87,-76,-75,-88,-77,-67
0,-44,-82,-120,-158,-67,-127,-164,-181,-72,-130,-151,-155,-84,-137,-144,-138,-99,-137,-141,-137
0,-45,-81,-115,-153,-93,-131,-155,-171,-94,-128,-145,-158,-96,-129,-141,-147,-101,-127,-132,-136
0,-5,-30,-60,-99,-74,-93,-109,-122,-92,-106,-129,-158,-104,-124,-157,-190,-113,-121,-129,-145
0,-70,-123,-164,-212,-174,-230,-262,-283,-159,-220,-243,-259,-142,-197,-206,-206,-129,-172,-175,-173
0,-29,-64,-97,-134,-84,-130,-156,-168,-87,-129,-139,-142,-89,-130,-134,-129,-94,-119,-116,-110
0,-34,-61,-82,-105,-82,-117,-138,-151,-81,-116,-127,-137,-80,-113,-116,-117,-81,-109,-113,-114
0,-13,-39,-68,-98,-52,-91,-117,-135,-67,-114,-123,-124,-83,-115,-103,-92,-101,-117,-106,-96
0,-39,-66,-92,-119,-85,-126,-148,-160,-83,-125,-138,-145,-83,-130,-134,-126,-86,-122,-126,-122
0,-23,-42,-61,-80,-38,-62,-76,-84,-38,-68,-77,-77,-41,-69,-66,-58,-45,-66,-62,-54
0,-15,-37,-57,-77,-69,-104,-126,-141,-80,-118,-132,-140,-89,-120,-120,-117,-99,-122,-121,-118
0,-18,-37,-54,-73,-58,-92,-113,-126,-65,-98,-114,-126,-74,-107,-122,-130,-83,-111,-120,-125
0,-5,-18,-33,-48,-39,-67,-84,-94,-52,-79,-92,-100,-64,-93,-105,-111,-76,-101,-110,-116
0,-3,-16,-30,-45,-35,-64,-81,-92,-48,-77,-91,-98,-60,-91,-105,-111,-73,-100,-111,-116
0,0,-10,-24,-36,-20,-42,-54,-60,-33,-56,-64,-69,-46,-67,-69,-67,-59,-73,-73,-71
0,0,-10,-24,-35,-16,-36,-46,-50,-28,-47,-50,-50,-40,-53,-45,-39,-53,-59,-53,-48
0,0,-9,-23,-34,-17,-37,-46,-50,-29,-49,-52,-52,-42,-55,-49,-43,-55,-61,-56,-51
0,1,-7,-20,-30,-16,-32,-39,-42,-28,-44,-50,-52,-39,-54,-53,-51,-51,-61,-60,-59
0,-11,-25,-41,-56,-31,-60,-80,-93,-41,-66,-79,-88,-52,-73,-82,-87,-64,-81,-88,-93
0,-30,-51,-69,-89,-57,-91,-111,-121,-58,-91,-104,-108,-61,-94,-105,-106,-65,-90,-94,-94
0,-16,-38,-57,-79,-68,-93,-104,-110,-76,-105,-119,-131,-83,-111,-127,-139,-89,-113,-124,-132
0,-37,-61,-80,-96,-62,-99,-123,-135,-59,-94,-107,-113,-58,-88,-86,-82,-60,-80,-75,-67
0,-39,-60,-74,-83,-61,-94,-112,-120,-53,-71,-72,-75,-47,-62,-44,-32,-47,-64,-55,-45
0,-39,-67,-88,-103,-76,-106,-119,-125,-68,-84,-82,-84,-62,-72,-53,-42,-61,-75,-67,-59
0,-51,-91,-122,-150,-97,-130,-143,-154,-87,-114,-113,-115,-79,-102,-91,-85,-78,-101,-104,-105
0,-60,-108,-148,-183,-105,-144,-157,-166,-95,-131,-126,-125,-88,-119,-109,-103,-87,-114,-119,-121
0,-54,-96,-129,-158,-93,-124,-131,-138,-84,-115,-111,-110,-78,-106,-98,-93,-78,-105,-111,-114
0,-46,-83,-115,-141,-73,-100,-101,-102,-69,-96,-89,-85,-69,-99,-87,-80,-72,-97,-95,-92
0,-44,-80,-110,-136,-71,-99,-102,-106,-68,-98,-96,-93,-68,-102,-93,-85,-73,-101,-101,-98
0,-40,-81,-122,-165,-69,-123,-158,-175,-77,-132,-153,-155,-90,-140,-146,-139,-106,-138,-136,-128
0,-56,-107,-150,-197,-148,-205,-247,-274,-144,-201,-234,-261,-137,-186,-204,-214,-132,-164,-168,-172
0,-51,-85,-107,-131,-122,-164,-188,-203,-112,-154,-179,-200,-99,-140,-167,-185,-87,-121,-140,-155
0,-30,-49,-59,-71,-79,-110,-126,-136,-73,-106,-122,-135,-67,-101,-120,-133,-60,-86,-101,-113
0,-20,-34,-43,-53,-75,-100,-109,-115,-73,-102,-114,-123,-70,-99,-116,-126,-65,-91,-107,-119
0,-18,-30,-36,-44,-64,-88,-97,-103,-64,-92,-105,-115,-62,-91,-107,-116,-59,-85,-101,-111
0,-10,-21,-29,-38,-61,-84,-92,-97,-64,-87,-95,-102,-65,-85,-97,-104,-65,-84,-96,-103
0,-10,-22,-30,-40,-58,-80,-88,-93,-62,-83,-91,-97,-63,-82,-93,-100,-64,-82,-94,-100
0,-8,-21,-29,-39,-60,-80,-87,-92,-65,-86,-94,-102,-69,-88,-102,-113,-70,-93,-107,-117
0,-8,-21,-31,-44,-63,-84,-92,-97,-70,-90,-98,-104,-74,-92,-103,-111,-76,-95,-104,-110
0,-9,-23,-34,-48,-61,-83,-92,-96,-67,-88,-95,-101,-71,-87,-96,-103,-73,-89,-97,-101
0,-13,-32,-45,-61,-80,-107,-116,-120,-85,-112,-119,-126,-88,-110,-117,-123,-89,-109,-118,-125
0,-19,-39,-54,-72,-83,-111,-124,-132,-87,-115,-124,-133,-89,-113,-118,-122,-91,-112,-117,-122
0,-41,-76,-107,-135,-77,-120,-144,-155,-74,-116,-127,-130,-73,-115,-113,-104,-76,-104,-102,-95
0,-33,-62,-89,-114,-45,-88,-109,-118,-49,-94,-100,-96,-59,-102,-95,-81,-71,-100,-93,-81
0,-43,-80,-113,-142,-58,-104,-124,-131,-58,-102,-104,-95,-65,-105,-94,-77,-76,-105,-100,-89
0,-37,-66,-94,-117,-42,-86,-107,-114,-44,-86,-92,-87,-52,-91,-82,-67,-64,-91,-85,-75
0,-38,-68,-98,-123,-49,-95,-121,-133,-54,-97,-108,-106,-64,-103,-103,-94,-77,-106,-104,-97
0,-33,-61,-88,-111,-42,-83,-105,-114,-46,-85,-94,-90,-56,-91,-87,-77,-69,-94,-90,-82
0,-32,-65,-96,-126,-51,-95,-121,-132,-57,-99,-112,-111,-68,-106,-106,-98,-81,-109,-106,-97
0,-30,-62,-95,-125,-48,-91,-117,-128,-57,-99,-110,-108,-71,-112,-114,-107,-86,-120,-121,-115
0,-33,-62,-89,-114,-46,-90,-118,-132,-53,-101,-120,-122,-65,-115,-126,-123,-79,-119,-127,-125
0,-38,-68,-96,-122,-50,-92,-121,-136,-53,-97,-116,-121,-61,-106,-116,-114,-70,-111,-118,-115
0,-47,-85,-116,-150,-93,-129,-153,-169,-89,-120,-139,-154,-85,-115,-129,-140,-84,-107,-113,-118
0,-49,-89,-121,-155,-100,-138,-161,-176,-93,-124,-140,-154,-88,-114,-127,-138,-85,-103,-109,-115
0,-37,-78,-115,-151,-98,-149,-178,-192,-100,-146,-165,-177,-103,-142,-155,-163,-108,-129,-134,-139
0,-24,-48,-69,-89,-58,-77,-86,-90,-60,-84,-95,-104,-61,-87,-95,-101,-62,-82,-86,-89
0,-24,-54,-81,-106,-81,-114,-129,-134,-86,-119,-128,-135,-90,-121,-123,-122,-94,-116,-114,-112
0,-17,-27,-37,-43,-25,-50,-63,-68,-28,-56,-65,-70,-34,-64,-66,-63,-40,-62,-67,-69
0,-18,-28,-35,-39,-21,-41,-53,-59,-22,-43,-52,-58,-26,-52,-56,-56,-32,-57,-64,-67
0,-3,-10,-19,-26,-12,-24,-30,-34,-21,-38,-47,-53,-30,-49,-53,-54,-39,-57,-63,-67
0,1,-5,-14,-21,-13,-25,-29,-31,-24,-42,-46,-50,-35,-52,-51,-50,-46,-61,-65,-68
0,3,-2,-11,-15,-18,-29,-27,-25,-29,-46,-44,-43,-40,-54,-48,-45,-50,-63,-67,-69
0,-10,-12,-15,-15,19,7,-3,-6,20,10,6,8,17,8,9,13,11,7,10,16
0,-81,-110,-124,-138,-103,-140,-162,-174,-79,-117,-141,-151,-58,-109,-131,-135,-42,-88,-101,-101
0,-82,-106,-116,-121,-79,-106,-118,-122,-49,-77,-91,-94,-26,-72,-89,-85,-9,-46,-56,-53
0,17,16,7,0,15,-1,-14,-21,-3,-20,-26,-30,-24,-38,-33,-28,-44,-54,-55,-55
0,7,4,-3,-10,18,-1,-15,-21,5,-15,-23,-24,-9,-28,-24,-17,-24,-37,-34,-27
0,-1,-8,-18,-24,1,-20,-32,-37,-8,-32,-37,-37,-20,-43,-35,-26,-33,-51,-49,-43
0,-6,-15,-27,-35,1,-23,-39,-47,-6,-30,-34,-34,-19,-41,-31,-20,-34,-50,-45,-38
0,-16,-23,-33,-38,-1,-29,-41,-44,-4,-33,-34,-27,-12,-41,-28,-11,-23,-37,-27,-14
0,-25,-38,-51,-56,-11,-38,-45,-46,-11,-41,-40,-31,-18,-49,-37,-21,-28,-48,-45,-37
0,-21,-41,-61,-82,-39,-74,-98,-111,-50,-86,-103,-108,-63,-97,-109,-113,-77,-108,-117,-120
0,-17,-41,-64,-88,-62,-88,-102,-110,-69,-87,-95,-103,-76,-99,-110,-120,-82,-106,-114,-121
0,-7,-14,-18,-25,-37,-53,-60,-65,-43,-57,-65,-73,-48,-65,-78,-89,-53,-72,-84,-93
0,-15,-32,-45,-58,-70,-98,-109,-114,-74,-100,-109,-115,-75,-97,-107,-113,-77,-94,-102,-106
0,-19,-38,-53,-67,-76,-100,-106,-108,-77,-100,-103,-104,-76,-95,-99,-101,-76,-88,-91,-93
0,-17,-35,-47,-60,-73,-97,-104,-106,-74,-97,-103,-106,-73,-91,-97,-100,-72,-84,-89,-92
0,-15,-33,-46,-60,-69,-92,-99,-101,-71,-92,-95,-96,-71,-86,-89,-91,-72,-82,-84,-86
0,-24,-49,-68,-88,-92,-123,-134,-140,-94,-123,-131,-135,-92,-116,-121,-124,-92,-110,-114,-117
0,-32,-65,-94,-126,-92,-139,-169,-187,-98,-140,-152,-160,-103,-145,-145,-142,-111,-138,-135,-133
0,-50,-84,-109,-133,-111,-144,-154,-157,-99,-133,-143,-152,-87,-124,-136,-142,-76,-106,-114,-118
0,-37,-61,-81,-99,-38,-71,-91,-99,-33,-67,-80,-83,-33,-62,-63,-57,-37,-56,-55,-50
0,-50,-78,-98,-119,-78,-114,-135,-148,-76,-112,-136,-150,-76,-126,-150,-159,-78,-128,-142,-145
0,-50,-76,-93,-111,-88,-125,-145,-157,-84,-122,-141,-151,-82,-137,-156,-161,-81,-135,-149,-150
0,-58,-87,-106,-126,-96,-133,-150,-161,-87,-132,-157,-170,-78,-140,-165,-172,-72,-129,-147,-150
0,-55,-84,-102,-121,-91,-128,-145,-154,-82,-126,-149,-160,-76,-135,-156,-160,-72,-124,-138,-138
0,-63,-94,-117,-142,-91,-130,-152,-166,-78,-129,-155,-165,-69,-130,-146,-143,-63,-116,-128,-125
0,-69,-106,-131,-158,-110,-155,-177,-189,-96,-151,-181,-195,-83,-149,-170,-171,-73,-129,-146,-148
0,-66,-100,-124,-149,-100,-144,-165,-177,-85,-133,-152,-158,-75,-134,-146,-142,-68,-121,-134,-133
0,-75,-117,-145,-174,-125,-173,-196,-208,-105,-154,-175,-184,-87,-142,-153,-150,-73,-123,-136,-136
0,-76,-124,-155,-188,-166,-231,-267,-289,-150,-217,-249,-272,-134,-199,-224,-238,-121,-180,-203,-217
0,-11,-26,-37,-48,-46,-66,-77,-86,-47,-73,-88,-98,-47,-68,-75,-80,-45,-60,-65,-67
0,-19,-42,-62,-83,-70,-109,-134,-153,-84,-131,-163,-186,-96,-145,-174,-191,-107,-150,-171,-185
0,-23,-48,-65,-84,-89,-126,-148,-166,-96,-147,-182,-208,-97,-139,-164,-182,-96,-127,-140,-151
0,-33,-63,-86,-111,-88,-121,-142,-160,-90,-128,-151,-169,-93,-132,-153,-167,-95,-132,-148,-160
0,-42,-65,-79,-92,-44,-66,-87,-100,-33,-63,-82,-90,-25,-49,-57,-59,-20,-36,-37,-35
0,-13,-32,-51,-69,-39,-69,-89,-102,-50,-92,-110,-117,-62,-101,-116,-121,-74,-99,-105,-108
0,-22,-46,-68,-91,-55,-91,-117,-135,-61,-103,-126,-138,-69,-105,-115,-118,-78,-104,-109,-110
0,-24,-41,-56,-71,-40,-65,-83,-95,-44,-63,-76,-86,-49,-71,-81,-87,-56,-73,-76,-78
0,-23,-39,-52,-66,-33,-55,-72,-84,-36,-55,-69,-78,-42,-64,-76,-82,-49,-65,-68,-70
0,-17,-32,-47,-62,-24,-53,-76,-89,-29,-51,-67,-77,-38,-62,-76,-83,-47,-64,-67,-68
0,-14,-26,-39,-52,-13,-42,-66,-79,-19,-37,-53,-65,-29,-51,-65,-73,-40,-54,-58,-61
0,-33,-69,-102,-134,-75,-125,-161,-184,-84,-139,-167,-182,-96,-146,-166,-176,-109,-143,-156,-164
0,-35,-71,-103,-133,-81,-134,-166,-184,-88,-146,-179,-198,-98,-148,-177,-193,-108,-139,-154,-166
0,-52,-101,-143,-184,-111,-172,-213,-239,-114,-185,-229,-257,-120,-179,-219,-245,-126,-164,-188,-208
0,-54,-105,-148,-190,-132,-195,-231,-251,-134,-207,-240,-256,-137,-201,-224,-233,-142,-191,-212,-223
0,-28,-54,-75,-94,-66,-99,-118,-129,-65,-94,-101,-105,-65,-86,-80,-75,-69,-82,-76,-71
0,-39,-68,-90,-109,-77,-130,-162,-176,-70,-99,-96,-96,-67,-83,-53,-32,-71,-85,-70,-55
0,-36,-59,-76,-91,-64,-111,-142,-156,-58,-82,-83,-85,-57,-73,-50,-34,-62,-78,-66,-54
0,-35,-56,-73,-87,-68,-110,-137,-150,-64,-85,-86,-91,-62,-78,-60,-49,-66,-81,-72,-64
0,-36,-57,-74,-88,-66,-111,-140,-153,-61,-83,-83,-87,-59,-74,-53,-40,-64,-79,-69,-59
0,-35,-58,-79,-97,-61,-110,-145,-164,-58,-85,-92,-99,-59,-75,-60,-49,-67,-80,-71,-61
0,-31,-51,-67,-81,-52,-98,-132,-149,-51,-79,-87,-93,-54,-73,-59,-49,-62,-78,-70,-60
0,-29,-49,-65,-79,-66,-98,-117,-128,-66,-92,-95,-100,-67,-88,-77,-71,-73,-88,-84,-79
0,-24,-42,-58,-73,-53,-90,-116,-131,-57,-90,-103,-112,-62,-91,-90,-88,-70,-89,-88,-86
0,-30,-51,-69,-85,-68,-104,-129,-143,-68,-94,-98,-104,-70,-89,-77,-70,-77,-93,-87,-82
0,-22,-39,-54,-68,-51,-81,-105,-119,-54,-79,-87,-96,-59,-80,-74,-72,-68,-82,-78,-75
0,-26,-46,-63,-79,-63,-98,-123,-137,-65,-90,-96,-103,-68,-88,-78,-73,-76,-92,-87,-82
0,-16,-30,-44,-58,-41,-71,-95,-110,-47,-73,-85,-97,-54,-77,-76,-75,-63,-78,-73,-70
0,-20,-36,-51,-66,-40,-70,-95,-111,-44,-66,-79,-93,-49,-68,-67,-68,-56,-67,-62,-59
0,-15,-29,-41,-55,-42,-66,-86,-100,-47,-63,-71,-83,-52,-66,-63,-64,-59,-65,-58,-55
0,-18,-35,-51,-67,-65,-100,-119,-131,-75,-119,-137,-149,-85,-130,-141,-144,-95,-131,-140,-144
0,-15,-31,-47,-64,-61,-95,-112,-123,-72,-111,-127,-137,-83,-122,-132,-135,-94,-124,-132,-136
0,-14,-28,-41,-55,-56,-83,-98,-108,-65,-100,-111,-118,-72,-104,-105,-103,-81,-102,-104,-103
0,-14,-30,-42,-53,-61,-85,-96,-104,-67,-91,-93,-98,-70,-88,-79,-75,-76,-86,-81,-78
0,-15,-35,-51,-64,-78,-106,-121,-132,-82,-110,-112,-118,-85,-104,-89,-82,-88,-100,-90,-85
0,-16,-36,-51,-64,-75,-103,-118,-129,-79,-107,-110,-116,-81,-102,-90,-83,-84,-98,-91,-86
0,-18,-39,-55,-69,-80,-110,-126,-136,-83,-110,-113,-118,-84,-104,-91,-84,-86,-99,-91,-86
0,-14,-32,-46,-59,-71,-101,-115,-124,-77,-107,-112,-118,-81,-107,-99,-94,-86,-104,-99,-96
0,-14,-26,-35,-43,-63,-90,-103,-111,-71,-101,-114,-124,-77,-109,-122,-129,-82,-110,-119,-125
0,-12,-25,-35,-45,-61,-89,-104,-114,-71,-102,-116,-126,-79,-112,-124,-131,-87,-115,-122,-127
0,-9,-18,-26,-34,-50,-75,-88,-97,-60,-88,-100,-110,-69,-99,-109,-115,-77,-102,-110,-114
0,-11,-22,-31,-41,-56,-85,-100,-109,-66,-98,-111,-121,-75,-108,-120,-127,-83,-112,-122,-128
0,-11,-23,-34,-45,-61,-92,-108,-120,-73,-107,-121,-132,-83,-118,-130,-138,-93,-126,-137,-145
0,-10,-24,-37,-50,-67,-100,-118,-131,-79,-116,-132,-144,-89,-125,-136,-143,-99,-130,-141,-147
0,-8,-22,-33,-46,-69,-101,-119,-132,-81,-117,-133,-144,-92,-127,-138,-146,-101,-134,-146,-153
0,-8,-21,-32,-44,-64,-93,-108,-120,-77,-110,-126,-137,-88,-123,-140,-152,-98,-134,-149,-158
0,-10,-23,-34,-46,-67,-97,-113,-126,-79,-113,-128,-139,-89,-125,-141,-152,-99,-135,-150,-160
0,-11,-28,-42,-57,-86,-124,-145,-160,-101,-148,-174,-191,-112,-160,-189,-207,-121,-164,-184,-197
0,-11,-21,-28,-36,-72,-103,-118,-129,-84,-124,-147,-163,-93,-137,-166,-182,-100,-140,-163,-177
0,-14,-27,-35,-44,-77,-107,-122,-133,-87,-129,-151,-165,-95,-140,-167,-184,-101,-145,-169,-184
0,-14,-29,-42,-54,-84,-114,-127,-136,-94,-133,-151,-164,-101,-143,-166,-180,-107,-146,-165,-178
0,-18,-33,-44,-54,-85,-116,-129,-139,-92,-132,-148,-161,-97,-140,-161,-174,-100,-140,-160,-173
0,-19,-33,-42,-50,-83,-115,-130,-139,-87,-126,-141,-151,-91,-133,-150,-157,-93,-128,-142,-149
0,-25,-39,-48,-55,-79,-106,-117,-125,-79,-113,-128,-138,-79,-118,-136,-146,-78,-111,-126,-135
0,-21,-38,-48,-56,-78,-107,-119,-128,-80,-117,-130,-139,-80,-121,-137,-145,-80,-114,-129,-138
0,-19,-31,-39,-44,-71,-97,-106,-113,-74,-107,-119,-129,-76,-114,-132,-142,-77,-108,-121,-131
0,-20,-34,-41,-47,-78,-105,-116,-123,-81,-116,-130,-141,-82,-123,-145,-157,-82,-115,-131,-142
0,-23,-39,-51,-61,-74,-105,-116,-123,-77,-117,-135,-146,-79,-125,-145,-152,-80,-118,-134,-143
0,-26,-43,-53,-62,-76,-105,-119,-128,-75,-109,-124,-135,-74,-109,-124,-133,-72,-105,-121,-130
0,-23,-40,-52,-62,-69,-101,-118,-130,-71,-101,-115,-125,-71,-100,-112,-120,-72,-101,-115,-124
0,-21,-37,-46,-54,-75,-105,-118,-126,-76,-106,-118,-128,-76,-109,-123,-130,-75,-106,-120,-129
0,-24,-42,-53,-63,-76,-108,-124,-135,-77,-110,-123,-134,-77,-112,-124,-129,-77,-108,-120,-127
0,-22,-40,-52,-63,-74,-106,-122,-133,-76,-108,-120,-130,-77,-110,-122,-129,-79,-110,-125,-134
0,-20,-36,-46,-56,-71,-101,-115,-125,-73,-103,-114,-124,-75,-107,-120,-128,-77,-109,-127,-138
0,-16,-28,-34,-40,-73,-102,-115,-124,-77,-107,-117,-124,-80,-114,-128,-134,-82,-115,-128,-135
0,-16,-30,-38,-44,-81,-112,-127,-137,-85,-116,-128,-136,-86,-122,-137,-145,-87,-120,-134,-141
0,-16,-33,-45,-58,-86,-129,-155,-171,-94,-133,-151,-163,-101,-143,-161,-170,-106,-145,-159,-166
0,-19,-38,-52,-66,-87,-127,-148,-162,-95,-135,-151,-163,-101,-146,-163,-172,-105,-148,-163,-171
0,-21,-43,-59,-75,-95,-137,-157,-170,-101,-146,-164,-176,-106,-154,-172,-181,-110,-151,-167,-175
0,-17,-38,-54,-71,-93,-137,-159,-174,-103,-151,-169,-182,-111,-160,-177,-185,-117,-160,-175,-184
0,-12,-33,-51,-70,-85,-123,-142,-154,-96,-138,-150,-158,-105,-148,-160,-164,-113,-149,-161,-167
0,-14,-34,-50,-67,-88,-127,-147,-161,-99,-144,-161,-171,-108,-154,-169,-174,-116,-155,-168,-175
0,-20,-37,-50,-61,-72,-103,-117,-126,-77,-109,-118,-124,-80,-112,-117,-119,-85,-111,-118,-121
0,-18,-33,-45,-55,-67,-95,-107,-114,-71,-100,-106,-111,-74,-103,-106,-107,-78,-103,-108,-110
0,-16,-32,-45,-57,-68,-98,-112,-119,-74,-104,-112,-117,-78,-108,-112,-113,-83,-108,-113,-115
0,-16,-31,-43,-54,-66,-95,-107,-113,-70,-98,-103,-105,-74,-100,-102,-102,-78,-99,-102,-103
0,-16,-32,-44,-56,-68,-97,-110,-117,-72,-102,-106,-110,-76,-104,-106,-106,-80,-103,-107,-108
0,-14,-29,-41,-54,-67,-97,-111,-119,-72,-103,-108,-113,-78,-108,-113,-113,-82,-107,-112,-114
0,-15,-31,-43,-56,-65,-95,-108,-114,-71,-102,-109,-113,-76,-108,-113,-115,-81,-108,-114,-116
0,-16,-33,-45,-57,-70,-101,-114,-121,-75,-105,-110,-113,-78,-109,-113,-113,-82,-107,-111,-112
0,-16,-32,-44,-56,-68,-97,-110,-117,-72,-102,-108,-111,-76,-106,-110,-110,-80,-105,-109,-110
0,-18,-34,-46,-58,-70,-100,-114,-121,-74,-105,-112,-117,-78,-109,-115,-116,-81,-108,-113,-115
0,-18,-36,-49,-61,-76,-108,-122,-129,-80,-112,-118,-121,-83,-114,-118,-118,-85,-111,-116,-116
0,-18,-34,-45,-56,-70,-98,-110,-116,-74,-103,-110,-114,-77,-107,-113,-115,-80,-105,-111,-114
0,-16,-32,-43,-53,-71,-97,-108,-115,-75,-104,-110,-115,-78,-108,-113,-114,-81,-104,-108,-109
0,-12,-26,-37,-47,-56,-86,-102,-110,-62,-89,-98,-105,-68,-97,-103,-105,-73,-95,-98,-98
0,-16,-31,-42,-53,-59,-86,-99,-108,-64,-91,-98,-104,-69,-97,-102,-104,-74,-97,-102,-104
0,-17,-33,-44,-54,-68,-96,-109,-118,-71,-98,-106,-112,-73,-101,-106,-107,-74,-96,-99,-100
0,-18,-37,-50,-62,-75,-105,-119,-127,-79,-112,-120,-125,-81,-116,-124,-127,-82,-110,-117,-119
0,-17,-34,-46,-56,-69,-96,-106,-113,-73,-104,-109,-113,-75,-107,-112,-112,-77,-100,-104,-105
0,-15,-29,-40,-50,-62,-87,-98,-105,-67,-98,-104,-108,-70,-102,-107,-107,-73,-97,-101,-103
0,-7,-24,-39,-55,-72,-103,-119,-130,-83,-115,-122,-128,-90,-119,-120,-120,-98,-114,-113,-113
0,-10,-31,-49,-69,-75,-106,-126,-140,-84,-114,-123,-129,-90,-115,-115,-114,-96,-110,-107,-104
0,-17,-43,-64,-85,-93,-127,-148,-162,-99,-133,-141,-146,-103,-130,-130,-128,-107,-122,-118,-115
0,-19,-45,-66,-88,-92,-125,-143,-156,-97,-130,-136,-140,-99,-125,-124,-121,-101,-116,-111,-106
0,-21,-43,-60,-76,-84,-114,-130,-140,-87,-121,-129,-133,-88,-119,-119,-116,-90,-110,-107,-103
0,-18,-33,-44,-56,-62,-91,-105,-111,-66,-95,-104,-110,-71,-99,-108,-112,-75,-96,-102,-105
0,-19,-35,-48,-60,-67,-98,-110,-116,-71,-102,-110,-114,-74,-103,-107,-107,-77,-99,-103,-104
0,-16,-41,-62,-83,-84,-121,-142,-155,-93,-132,-146,-154,-100,-134,-141,-143,-108,-130,-133,-134
0,-17,-33,-46,-59,-76,-109,-127,-139,-85,-121,-136,-147,-92,-130,-142,-149,-99,-134,-146,-152
0,-18,-35,-48,-61,-69,-98,-112,-122,-75,-105,-114,-122,-81,-112,-119,-123,-87,-112,-118,-122
0,-20,-38,-53,-67,-59,-90,-106,-116,-63,-95,-105,-112,-68,-99,-102,-102,-73,-95,-99,-100
0,-21,-39,-53,-67,-62,-94,-111,-122,-66,-100,-111,-117,-70,-103,-108,-109,-75,-100,-105,-107
0,-22,-41,-56,-70,-68,-102,-118,-128,-70,-104,-112,-118,-73,-105,-108,-108,-77,-101,-106,-108
0,-22,-41,-54,-67,-69,-102,-118,-127,-71,-103,-111,-117,-74,-106,-108,-108,-78,-102,-107,-109
0,-26,-49,-65,-81,-83,-121,-139,-150,-85,-123,-133,-140,-87,-122,-126,-126,-90,-117,-123,-126
0,-24,-45,-60,-75,-79,-115,-133,-143,-81,-117,-126,-133,-84,-117,-120,-119,-87,-113,-117,-120
0,-19,-37,-50,-63,-65,-98,-113,-122,-70,-102,-109,-114,-74,-105,-106,-104,-80,-103,-106,-107
0,-7,-21,-34,-46,-62,-95,-112,-123,-72,-100,-107,-112,-80,-107,-109,-109,-87,-110,-111,-110
0,-18,-35,-47,-57,-75,-106,-119,-127,-79,-109,-115,-118,-82,-112,-116,-116,-84,-114,-121,-122
0,-23,-49,-67,-87,-99,-139,-157,-167,-104,-145,-154,-160,-106,-145,-149,-149,-109,-144,-151,-154
0,-22,-44,-60,-77,-89,-123,-137,-145,-92,-128,-135,-139,-93,-126,-127,-126,-95,-123,-128,-129
0,-24,-46,-61,-77,-86,-120,-135,-143,-88,-128,-141,-149,-90,-126,-134,-136,-91,-123,-133,-137
0,-24,-46,-61,-77,-91,-128,-145,-155,-94,-133,-147,-156,-95,-130,-140,-145,-96,-126,-135,-140
0,-19,-38,-51,-64,-83,-114,-126,-133,-87,-121,-132,-140,-88,-120,-127,-132,-90,-117,-124,-129
0,-18,-35,-46,-58,-77,-107,-118,-125,-81,-113,-123,-130,-82,-112,-120,-124,-83,-111,-118,-122
0,-17,-38,-55,-72,-80,-118,-138,-149,-87,-124,-134,-140,-92,-125,-130,-132,-96,-123,-126,-128
0,-17,-36,-52,-69,-77,-113,-131,-141,-84,-119,-126,-131,-89,-122,-125,-126,-94,-120,-122,-122
0,-15,-33,-48,-63,-75,-106,-120,-129,-81,-112,-120,-125,-86,-115,-118,-119,-91,-112,-113,-114
0,-12,-26,-38,-49,-46,-73,-89,-98,-52,-75,-82,-87,-58,-81,-86,-87,-64,-80,-80,-80
0,-12,-28,-40,-51,-50,-80,-98,-108,-56,-83,-91,-97,-63,-88,-91,-91,-69,-85,-84,-83
0,-15,-31,-44,-57,-48,-75,-91,-101,-54,-78,-86,-93,-60,-85,-89,-91,-67,-86,-88,-90
0,-15,-31,-43,-58,-67,-95,-110,-120,-73,-102,-117,-130,-77,-108,-121,-127,-80,-109,-119,-124
0,-17,-39,-56,-77,-79,-113,-131,-143,-84,-116,-130,-144,-88,-117,-124,-130,-91,-119,-129,-137
0,-16,-37,-54,-75,-72,-102,-119,-130,-77,-108,-125,-141,-81,-110,-120,-130,-85,-111,-121,-129
0,-17,-35,-49,-64,-50,-70,-78,-83,-55,-78,-89,-100,-58,-86,-96,-104,-61,-85,-93,-99
0,-13,-33,-51,-69,-50,-69,-74,-77,-59,-76,-74,-77,-68,-84,-77,-74,-77,-90,-86,-85
0,-29,-51,-69,-89,-60,-88,-105,-114,-61,-88,-104,-116,-61,-88,-94,-97,-63,-84,-85,-83
0,-32,-56,-76,-97,-70,-102,-121,-131,-71,-103,-120,-132,-72,-111,-125,-131,-74,-114,-128,-133
0,-43,-69,-90,-112,-53,-90,-121,-141,-50,-84,-111,-131,-51,-86,-104,-115,-55,-83,-91,-96
0,-12,-29,-46,-62,-42,-62,-71,-78,-50,-67,-71,-76,-59,-76,-75,-76,-68,-84,-83,-83
0,-51,-91,-125,-164,-102,-141,-169,-190,-99,-130,-154,-174,-97,-134,-164,-185,-96,-135,-152,-163
0,-53,-101,-144,-193,-120,-158,-183,-202,-116,-153,-176,-196,-112,-146,-169,-188,-109,-139,-151,-162
0,-37,-68,-96,-128,-80,-113,-133,-147,-84,-111,-129,-144,-89,-120,-141,-156,-95,-125,-137,-145
0,-29,-57,-83,-111,-62,-102,-132,-149,-70,-102,-124,-141,-81,-116,-137,-151,-92,-120,-128,-134
0,-58,-105,-139,-173,-158,-216,-253,-276,-148,-201,-217,-232,-136,-178,-179,-178,-128,-152,-149,-147
0,-41,-74,-100,-127,-80,-121,-147,-164,-81,-125,-146,-153,-83,-127,-151,-163,-86,-125,-145,-157
0,-21,-45,-64,-84,-94,-136,-157,-170,-99,-144,-162,-174,-101,-144,-163,-173,-103,-138,-155,-167
0,-28,-51,-66,-82,-87,-123,-142,-155,-87,-119,-133,-144,-86,-116,-132,-142,-85,-114,-129,-140
0,-22,-42,-55,-69,-78,-111,-129,-140,-80,-111,-124,-134,-81,-110,-122,-131,-83,-108,-120,-127
0,-21,-38,-49,-60,-72,-102,-115,-123,-74,-103,-115,-123,-75,-101,-113,-120,-77,-98,-108,-114
0,-21,-40,-54,-67,-76,-106,-118,-125,-78,-108,-120,-127,-79,-105,-118,-126,-80,-102,-113,-120
0,-21,-42,-55,-69,-80,-111,-123,-130,-82,-111,-121,-127,-81,-106,-116,-121,-81,-101,-109,-115
0,-21,-42,-57,-71,-89,-118,-127,-132,-90,-118,-125,-131,-88,-112,-120,-126,-86,-104,-112,-118
0,-21,-48,-66,-82,-107,-132,-132,-128,-105,-136,-120,-104,-98,-116,-85,-60,-92,-99,-78,-61
0,-33,-54,-69,-81,-57,-88,-104,-112,-51,-72,-71,-70,-47,-63,-48,-36,-47,-62,-56,-48
0,-27,-47,-65,-78,-26,-63,-85,-97,-30,-61,-70,-72,-39,-65,-60,-55,-52,-67,-64,-60
0,-26,-44,-59,-75,-38,-68,-88,-101,-44,-70,-84,-91,-54,-85,-102,-112,-65,-93,-105,-111
0,-34,-56,-74,-89,-40,-81,-111,-127,-38,-65,-78,-86,-41,-62,-64,-63,-47,-59,-54,-49
0,-37,-60,-80,-95,-37,-81,-104,-113,-36,-77,-93,-95,-41,-79,-83,-77,-50,-75,-74,-66
0,-43,-86,-126,-164,-107,-160,-192,-210,-113,-173,-194,-205,-119,-169,-170,-167,-129,-161,-157,-152
0,-109,-174,-213,-250,-218,-278,-300,-310,-181,-251,-283,-303,-145,-211,-242,-257,-111,-165,-188,-200
0,-83,-133,-166,-200,-145,-202,-237,-256,-120,-190,-219,-229,-97,-158,-171,-168,-78,-124,-130,-124
0,-68,-106,-128,-145,-114,-158,-177,-187,-95,-139,-147,-148,-79,-123,-123,-115,-68,-106,-107,-100
0,-54,-95,-124,-153,-124,-166,-187,-199,-109,-143,-153,-162,-93,-123,-128,-131,-80,-105,-108,-110
0,-10,-14,-18,-22,-2,-14,-26,-33,-3,-12,-20,-24,-7,-17,-21,-22,-12,-20,-20,-19
0,-11,-14,-15,-15,-22,-30,-30,-30,-18,-29,-24,-19,-14,-24,-17,-10,-11,-16,-11,-6
0,-3,-3,-2,-1,-5,-7,-6,-6,-4,-8,-4,-1,-3,-8,-3,1,-3,-3,1,7
0,-3,-3,-2,0,-9,-11,-9,-8,-8,-11,-6,-2,-6,-11,-5,0,-4,-5,0,4
0,0,0,0,0,0,-2,-5,-7,-1,4,5,4,-2,1,5,6,-4,0,7,12
0,2,3,4,6,3,3,1,0,1,8,9,8,-1,4,8,9,-3,2,9,14
0,1,2,2,3,2,0,-3,-5,0,3,3,1,-3,-1,2,3,-6,-3,3,8
0,1,1,0,1,-1,-5,-9,-11,-5,-2,-1,-3,-8,-6,-2,0,-11,-8,-1,3
0,5,4,2,1,-2,-8,-11,-12,-9,-8,-4,-3,-16,-15,-6,-2,-22,-18,-7,0
0,0,-3,-9,-12,-12,-25,-29,-30,-19,-26,-22,-20,-27,-31,-21,-15,-34,-34,-25,-19
0,-1,-8,-16,-21,-19,-34,-40,-42,-26,-36,-32,-29,-34,-39,-28,-22,-42,-42,-32,-26
0,0,-8,-16,-22,-21,-36,-40,-42,-29,-39,-35,-33,-37,-43,-33,-27,-45,-46,-38,-33
0,-3,-12,-21,-27,-22,-35,-39,-42,-28,-39,-36,-36,-35,-44,-36,-33,-42,-46,-41,-38
0,-3,-11,-20,-27,-19,-31,-36,-41,-26,-36,-35,-37,-33,-40,-33,-31,-41,-43,-38,-35
0,-1,-9,-18,-25,-19,-32,-37,-41,-26,-38,-36,-37,-34,-43,-36,-32,-43,-47,-41,-38
0,-3,-12,-22,-31,-19,-34,-40,-44,-26,-40,-40,-40,-34,-45,-39,-35,-42,-48,-42,-39
0,-4,-14,-24,-33,-19,-35,-41,-46,-26,-41,-42,-44,-33,-46,-40,-36,-41,-47,-43,-39
0,-6,-16,-27,-37,-18,-35,-44,-49,-24,-40,-42,-44,-31,-44,-39,-35,-38,-45,-41,-38
0,-3,-12,-22,-31,-14,-28,-34,-39,-21,-34,-36,-37,-28,-39,-35,-32,-36,-43,-39,-36
0,-4,-12,-22,-30,-12,-26,-34,-39,-18,-32,-34,-36,-25,-37,-33,-30,-33,-40,-37,-35
0,-5,-14,-24,-33,-14,-28,-36,-41,-19,-33,-35,-38,-25,-37,-34,-31,-33,-40,-37,-35
0,-7,-17,-28,-37,-12,-28,-38,-46,-17,-32,-35,-38,-24,-36,-33,-31,-32,-40,-37,-35
0,-16,-30,-43,-55,-29,-52,-66,-73,-31,-57,-66,-68,-34,-58,-62,-59,-39,-55,-56,-53
0,-15,-29,-42,-53,-26,-47,-60,-66,-28,-49,-57,-59,-31,-49,-48,-43,-36,-47,-45,-41
0,-14,-28,-41,-53,-25,-46,-60,-67,-27,-46,-53,-55,-30,-47,-47,-43,-35,-46,-43,-39
0,-13,-26,-38,-49,-21,-41,-54,-60,-23,-41,-48,-49,-26,-42,-42,-38,-30,-41,-39,-34
0,-18,-32,-44,-55,-22,-40,-51,-57,-22,-42,-49,-50,-24,-44,-45,-41,-26,-42,-41,-37
0,-16,-27,-38,-47,-14,-33,-45,-49,-14,-35,-42,-42,-16,-37,-40,-36,-20,-35,-39,-37
0,-11,-20,-29,-38,-13,-28,-40,-46,-16,-30,-38,-41,-22,-33,-38,-40,-28,-37,-40,-41
0,-9,-16,-22,-29,-8,-20,-30,-34,-12,-16,-18,-19,-18,-25,-27,-28,-26,-33,-32,-30
0,-10,-17,-25,-32,-9,-23,-34,-39,-13,-20,-24,-25,-19,-27,-30,-32,-27,-35,-34,-33
0,-7,-13,-19,-26,-11,-20,-25,-26,-16,-25,-31,-32,-22,-39,-47,-49,-28,-42,-47,-47
0,-8,-15,-23,-32,-14,-25,-30,-32,-19,-30,-36,-38,-25,-40,-43,-41,-31,-42,-42,-40
0,-7,-16,-27,-37,-10,-26,-39,-45,-15,-30,-39,-43,-21,-34,-38,-37,-29,-36,-35,-32
0,-10,-18,-26,-34,-9,-24,-34,-38,-11,-24,-29,-30,-14,-25,-25,-22,-19,-25,-23,-19
0,-9,-16,-23,-30,-5,-19,-30,-36,-7,-20,-25,-26,-11,-24,-22,-17,-16,-26,-23,-19
0,-9,-16,-22,-29,-4,-19,-31,-36,-6,-19,-24,-24,-10,-23,-21,-16,-16,-25,-22,-16
0,-11,-18,-26,-32,-6,-20,-27,-29,-6,-21,-24,-21,-9,-24,-21,-14,-14,-22,-20,-15
0,-10,-15,-21,-26,-2,-16,-24,-26,-4,-19,-23,-21,-8,-23,-21,-15,-14,-23,-22,-18
0,-9,-15,-23,-29,-1,-14,-22,-26,-3,-17,-22,-22,-7,-21,-22,-20,-13,-22,-25,-25
0,-8,-15,-24,-32,0,-16,-29,-35,-2,-18,-26,-28,-8,-20,-23,-23,-15,-22,-25,-25
0,-2,-5,-12,-17,6,-9,-22,-28,0,-19,-28,-28,-7,-26,-32,-33,-16,-26,-30,-31
0,0,0,-3,-5,7,-2,-8,-11,1,-16,-22,-21,-7,-22,-28,-29,-14,-23,-26,-27
0,1,0,-2,-5,7,-2,-9,-13,1,-16,-22,-22,-7,-22,-28,-29,-14,-23,-27,-28
0,0,0,-4,-6,7,-2,-9,-11,2,-11,-18,-18,-4,-16,-22,-23,-11,-16,-18,-19
0,-20,-37,-53,-70,-37,-55,-68,-76,-36,-61,-72,-75,-34,-56,-62,-61,-34,-47,-47,-44
0,-13,-22,-31,-39,-15,-28,-37,-43,-15,-30,-39,-43,-15,-31,-33,-31,-17,-28,-28,-26
0,-25,-41,-52,-61,-44,-61,-72,-79,-37,-53,-59,-62,-30,-44,-46,-44,-25,-37,-40,-40
0,-14,-25,-34,-42,-14,-25,-33,-39,-12,-21,-25,-27,-12,-20,-19,-17,-14,-19,-18,-15
0,-18,-37,-52,-67,-54,-82,-99,-111,-58,-89,-94,-96,-61,-82,-71,-63,-67,-79,-71,-66
0,-18,-42,-62,-83,-72,-97,-112,-121,-73,-89,-88,-91,-72,-84,-71,-63,-73,-84,-76,-70
0,-32,-52,-65,-73,-66,-87,-90,-92,-58,-79,-75,-74,-50,-72,-65,-61,-45,-66,-69,-69
0,-18,-34,-45,-56,-56,-73,-80,-84,-55,-66,-64,-66,-52,-63,-54,-50,-51,-59,-54,-53
0,-19,-37,-52,-67,-54,-76,-86,-92,-53,-66,-63,-63,-52,-61,-53,-48,-53,-59,-53,-49
0,-35,-61,-83,-102,-50,-82,-95,-98,-45,-79,-84,-80,-44,-72,-68,-58,-46,-62,-58,-51
0,-29,-52,-73,-92,-50,-75,-90,-96,-48,-65,-75,-83,-47,-62,-72,-80,-49,-62,-67,-71
0,-28,-47,-63,-80,-50,-69,-81,-90,-49,-64,-76,-85,-49,-65,-78,-88,-50,-67,-76,-81
0,-10,-17,-21,-25,-30,-42,-49,-53,-30,-42,-48,-52,-30,-44,-52,-56,-30,-43,-50,-53
0,-9,-16,-21,-26,-31,-45,-53,-57,-32,-45,-51,-55,-33,-46,-52,-55,-33,-44,-48,-50
0,-1,-12,-24,-37,-29,-43,-53,-58,-34,-41,-43,-47,-36,-39,-35,-34,-38,-38,-31,-26
0,-14,-25,-33,-42,-39,-54,-63,-69,-37,-50,-55,-61,-36,-49,-53,-56,-34,-46,-50,-53
0,-12,-23,-34,-48,-20,-38,-51,-59,-23,-38,-49,-57,-26,-42,-51,-56,-31,-43,-47,-49
0,-26,-46,-63,-81,-34,-58,-73,-82,-33,-56,-63,-65,-34,-57,-59,-56,-37,-55,-56,-53
0,-11,-19,-27,-35,-10,-23,-31,-34,-10,-24,-29,-29,-12,-26,-26,-22,-15,-24,-23,-20
0,-16,-26,-36,-46,-22,-42,-53,-58,-22,-40,-46,-48,-23,-43,-47,-45,-26,-42,-43,-40
0,-5,-13,-21,-31,-17,-26,-31,-34,-22,-30,-35,-38,-27,-38,-45,-49,-32,-44,-48,-50
0,-34,-61,-82,-104,-62,-86,-103,-113,-53,-77,-88,-94,-44,-63,-68,-68,-37,-50,-52,-51
0,-41,-71,-94,-119,-80,-109,-125,-135,-69,-98,-110,-116,-58,-84,-90,-90,-49,-66,-70,-71
0,-11,-29,-46,-65,-37,-58,-73,-81,-39,-57,-62,-66,-41,-57,-54,-51,-44,-52,-47,-43
0,-8,-14,-19,-24,1,-7,-16,-22,2,-8,-17,-22,1,-8,-14,-15,0,-6,-8,-7
0,-8,-14,-21,-27,-5,-15,-24,-28,-5,-14,-20,-23,-6,-13,-15,-15,-9,-13,-13,-13
0,-9,-15,-18,-19,-13,-19,-22,-22,-10,-16,-18,-19,-7,-13,-12,-11,-5,-10,-9,-7
0,0,0,0,0,0,0,0,0,0,0,0,0,0,0,0,0,0,0,0,0
0,0,0,0,0,0,0,0,0,0,0,0,0,0,0,0,0,0,0,0,0
0,0,0,0,0,0,0,0,0,0,0,0,0,0,0,0,0,0,0,0,0
0,0,0,0,0,0,0,0,0,0,0,0,0,0,0,0,0,0,0,0,0
0,0,0,0,0,0,0,0,0,0,0,0,0,0,0,0,0,0,0,0,0
0,0,0,0,0,0,0,0,0,0,0,0,0,0,0,0,0,0,0,0,0
0,0,0,0,0,0,0,0,0,0,0,0,0,0,0,0,0,0,0,0,0
0,0,0,0,0,0,0,0,0,0,0,0,0,0,0,0,0,0,0,0,0
0,0,0,0,0,0,0,0,0,0,0,0,0,0,0,0,0,0,0,0,0
0,0,0,0,0,0,0,0,0,0,0,0,0,0,0,0,0,0,0,0,0
0,0,0,0,0,0,0,0,0,0,0,0,0,0,0,0,0,0,0,0,0
0,0,0,0,0,0,0,0,0,0,0,0,0,0,0,0,0,0,0,0,0
0,0,0,0,0,0,0,0,0,0,0,0,0,0,0,0,0,0,0,0,0
0,0,0,0,0,0,0,0,0,0,0,0,0,0,0,0,0,0,0,0,0
0,0,0,0,0,0,0,0,0,0,0,0,0,0,0,0,0,0,0,0,0
0,0,0,0,0,0,0,0,0,0,0,0,0,0,0,0,0,0,0,0,0
0,0,0,0,0,0,0,0,0,0,0,0,0,0,0,0,0,0,0,0,0
0,0,0,0,0,0,0,0,0,0,0,0,0,0,0,0,0,0,0,0,0
0,0,0,0,0,0,0,0,0,0,0,0,0,0,0,0,0,0,0,0,0
0,0,0,0,0,0,0,0,0,0,0,0,0,0,0,0,0,0,0,0,0
0,0,0,0,0,0,0,0,0,0,0,0,0,0,0,0,0,0,0,0,0
0,0,0,0,0,0,0,0,0,0,0,0,0,0,0,0,0,0,0,0,0
0,0,0,0,0,0,0,0,0,0,0,0,0,0,0,0,0,0,0,0,0
0,0,0,0,0,0,0,0,0,0,0,0,0,0,0,0,0,0,0,0,0
0,0,0,0,0,0,0,0,0,0,0,0,0,0,0,0,0,0,0,0,0
0,0,0,0,0,0,0,0,0,0,0,0,0,0,0,0,0,0,0,0,0
0,0,0,0,0,0,0,0,0,0,0,0,0,0,0,0,0,0,0,0,0
0,0,0,0,0,0,0,0,0,0,0,0,0,0,0,0,0,0,0,0,0
0,0,0,0,0,0,0,0,0,0,0,0,0,0,0,0,0,0,0,0,0
0,0,0,0,0,0,0,0,0,0,0,0,0,0,0,0,0,0,0,0,0
0,0,0,0,0,0,0,0,0,0,0,0,0,0,0,0,0,0,0,0,0
0,0,0,0,0,0,0,0,0,0,0,0,0,0,0,0,0,0,0,0,0
0,0,0,0,0,0,0,0,0,0,0,0,0,0,0,0,0,0,0,0,0
0,0,0,0,0,0,0,0,0,0,0,0,0,0,0,0,0,0,0,0,0
0,0,0,0,0,0,0,0,0,0,0,0,0,0,0,0,0,0,0,0,0
0,0,0,0,0,0,0,0,0,0,0,0,0,0,0,0,0,0,0,0,0
0,0,0,0,0,0,0,0,0,0,0,0,0,0,0,0,0,0,0,0,0
0,0,0,0,0,0,0,0,0,0,0,0,0,0,0,0,0,0,0,0,0
0,0,0,0,0,0,0,0,0,0,0,0,0,0,0,0,0,0,0,0,0
0,0,0,0,0,0,0,0,0,0,0,0,0,0,0,0,0,0,0,0,0
0,0,0,0,0,0,0,0,0,0,0,0,0,0,0,0,0,0,0,0,0
0,0,0,0,0,0,0,0,0,0,0,0,0,0,0,0,0,0,0,0,0
0,0,0,0,0,0,0,0,0,0,0,0,0,0,0,0,0,0,0,0,0
0,0,0,0,0,0,0,0,0,0,0,0,0,0,0,0,0,0,0,0,0
0,0,0,0,0,0,0,0,0,0,0,0,0,0,0,0,0,0,0,0,0
0,0,0,0,0,0,0,0,0,0,0,0,0,0,0,0,0,0,0,0,0
0,0,0,0,0,0,0,0,0,0,0,0,0,0,0,0,0,0,0,0,0
0,0,0,0,0,0,0,0,0,0,0,0,0,0,0,0,0,0,0,0,0
0,0,0,0,0,0,0,0,0,0,0,0,0,0,0,0,0,0,0,0,0
0,0,0,0,0,0,0,0,0,0,0,0,0,0,0,0,0,0,0,0,0
0,0,0,0,0,0,0,0,0,0,0,0,0,0,0,0,0,0,0,0,0
0,0,0,0,0,0,0,0,0,0,0,0,0,0,0,0,0,0,0,0,0
0,0,0,0,0,0,0,0,0,0,0,0,0,0,0,0,0,0,0,0,0
0,0,0,0,0,0,0,0,0,0,0,0,0,0,0,0,0,0,0,0,0
0,0,0,0,0,0,0,0,0,0,0,0,0,0,0,0,0,0,0,0,0
0,0,0,0,0,0,0,0,0,0,0,0,0,0,0,0,0,0,0,0,0
0,0,0,0,0,0,0,0,0,0,0,0,0,0,0,0,0,0,0,0,0
0,0,0,0,0,0,0,0,0,0,0,0,0,0,0,0,0,0,0,0,0
0,0,0,0,0,0,0,0,0,0,0,0,0,0,0,0,0,0,0,0,0
0,0,0,0,0,0,0,0,0,0,0,0,0,0,0,0,0,0,0,0,0
0,0,0,0,0,0,0,0,0,0,0,0,0,0,0,0,0,0,0,0,0
0,0,0,0,0,0,0,0,0,0,0,0,0,0,0,0,0,0,0,0,0
0,0,0,0,0,0,0,0,0,0,0,0,0,0,0,0,0,0,0,0,0
0,0,0,0,0,0,0,0,0,0,0,0,0,0,0,0,0,0,0,0,0
0,0,0,0,0,0,0,0,0,0,0,0,0,0,0,0,0,0,0,0,0
0,0,0,0,0,0,0,0,0,0,0,0,0,0,0,0,0,0,0,0,0
0,0,0,0,0,0,0,0,0,0,0,0,0,0,0,0,0,0,0,0,0
0,0,0,0,0,0,0,0,0,0,0,0,0,0,0,0,0,0,0,0,0
0,0,0,0,0,0,0,0,0,0,0,0,0,0,0,0,0,0,0,0,0
0,0,0,0,0,0,0,0,0,0,0,0,0,0,0,0,0,0,0,0,0
0,0,0,0,0,0,0,0,0,0,0,0,0,0,0,0,0,0,0,0,0
0,0,0,0,0,0,0,0,0,0,0,0,0,0,0,0,0,0,0,0,0
0,0,0,0,0,0,0,0,0,0,0,0,0,0,0,0,0,0,0,0,0
0,0,0,0,0,0,0,0,0,0,0,0,0,0,0,0,0,0,0,0,0
0,0,0,0,0,0,0,0,0,0,0,0,0,0,0,0,0,0,0,0,0
0,0,0,0,0,0,0,0,0,0,0,0,0,0,0,0,0,0,0,0,0
0,0,0,0,0,0,0,0,0,0,0,0,0,0,0,0,0,0,0,0,0
0,0,0,0,0,0,0,0,0,0,0,0,0,0,0,0,0,0,0,0,0
0,0,0,0,0,0,0,0,0,0,0,0,0,0,0,0,0,0,0,0,0
0,0,0,0,0,0,0,0,0,0,0,0,0,0,0,0,0,0,0,0,0
0,0,0,0,0,0,0,0,0,0,0,0,0,0,0,0,0,0,0,0,0
0,0,0,0,0,0,0,0,0,0,0,0,0,0,0,0,0,0,0,0,0
0,0,0,0,0,0,0,0,0,0,0,0,0,0,0,0,0,0,0,0,0
0,0,0,0,0,0,0,0,0,0,0,0,0,0,0,0,0,0,0,0,0
0,0,0,0,0,0,0,0,0,0,0,0,0,0,0,0,0,0,0,0,0
0,0,0,0,0,0,0,0,0,0,0,0,0,0,0,0,0,0,0,0,0
0,0,0,0,0,0,0,0,0,0,0,0,0,0,0,0,0,0,0,0,0
0,0,0,0,0,0,0,0,0,0,0,0,0,0,0,0,0,0,0,0,0
0,0,0,0,0,0,0,0,0,0,0,0,0,0,0,0,0,0,0,0,0
0,0,0,0,0,0,0,0,0,0,0,0,0,0,0,0,0,0,0,0,0
0,0,0,0,0,0,0,0,0,0,0,0,0,0,0,0,0,0,0,0,0
0,0,0,0,0,0,0,0,0,0,0,0,0,0,0,0,0,0,0,0,0
0,0,0,0,0,0,0,0,0,0,0,0,0,0,0,0,0,0,0,0,0
0,0,0,0,0,0,0,0,0,0,0,0,0,0,0,0,0,0,0,0,0
0,0,0,0,0,0,0,0,0,0,0,0,0,0,0,0,0,0,0,0,0
0,0,0,0,0,0,0,0,0,0,0,0,0,0,0,0,0,0,0,0,0
0,0,0,0,0,0,0,0,0,0,0,0,0,0,0,0,0,0,0,0,0
0,0,0,0,0,0,0,0,0,0,0,0,0,0,0,0,0,0,0,0,0
0,0,0,0,0,0,0,0,0,0,0,0,0,0,0,0,0,0,0,0,0
0,0,0,0,0,0,0,0,0,0,0,0,0,0,0,0,0,0,0,0,0
0,0,0,0,0,0,0,0,0,0,0,0,0,0,0,0,0,0,0,0,0
0,0,0,0,0,0,0,0,0,0,0,0,0,0,0,0,0,0,0,0,0
0,0,0,0,0,0,0,0,0,0,0,0,0,0,0,0,0,0,0,0,0
0,0,0,0,0,0,0,0,0,0,0,0,0,0,0,0,0,0,0,0,0
0,0,0,0,0,0,0,0,0,0,0,0,0,0,0,0,0,0,0,0,0
0,0,0,0,0,0,0,0,0,0,0,0,0,0,0,0,0,0,0,0,0
0,0,0,0,0,0,0,0,0,0,0,0,0,0,0,0,0,0,0,0,0
0,0,0,0,0,0,0,0,0,0,0,0,0,0,0,0,0,0,0,0,0
0,0,0,0,0,0,0,0,0,0,0,0,0,0,0,0,0,0,0,0,0
0,0,0,0,0,0,0,0,0,0,0,0,0,0,0,0,0,0,0,0,0
0,0,0,0,0,0,0,0,0,0,0,0,0,0,0,0,0,0,0,0,0
0,0,0,0,0,0,0,0,0,0,0,0,0,0,0,0,0,0,0,0,0
0,0,0,0,0,0,0,0,0,0,0,0,0,0,0,0,0,0,0,0,0
0,0,0,0,0,0,0,0,0,0,0,0,0,0,0,0,0,0,0,0,0
0,0,0,0,0,0,0,0,0,0,0,0,0,0,0,0,0,0,0,0,0
0,0,0,0,0,0,0,0,0,0,0,0,0,0,0,0,0,0,0,0,0
0,0,0,0,0,0,0,0,0,0,0,0,0,0,0,0,0,0,0,0,0
0,0,0,0,0,0,0,0,0,0,0,0,0,0,0,0,0,0,0,0,0
0,0,0,0,0,0,0,0,0,0,0,0,0,0,0,0,0,0,0,0,0
0,0,0,0,0,0,0,0,0,0,0,0,0,0,0,0,0,0,0,0,0
0,0,0,0,0,0,0,0,0,0,0,0,0,0,0,0,0,0,0,0,0
0,0,0,0,0,0,0,0,0,0,0,0,0,0,0,0,0,0,0,0,0
0,0,0,0,0,0,0,0,0,0,0,0,0,0,0,0,0,0,0,0,0
0,0,0,0,0,0,0,0,0,0,0,0,0,0,0,0,0,0,0,0,0
0,0,0,0,0,0,0,0,0,0,0,0,0,0,0,0,0,0,0,0,0
0,0,0,0,0,0,0,0,0,0,0,0,0,0,0,0,0,0,0,0,0
0,0,0,0,0,0,0,0,0,0,0,0,0,0,0,0,0,0,0,0,0
0,0,0,0,0,0,0,0,0,0,0,0,0,0,0,0,0,0,0,0,0
0,0,0,0,0,0,0,0,0,0,0,0,0,0,0,0,0,0,0,0,0
0,0,0,0,0,0,0,0,0,0,0,0,0,0,0,0,0,0,0,0,0
0,0,0,0,0,0,0,0,0,0,0,0,0,0,0,0,0,0,0,0,0
0,0,0,0,0,0,0,0,0,0,0,0,0,0,0,0,0,0,0,0,0
0,0,0,0,0,0,0,0,0,0,0,0,0,0,0,0,0,0,0,0,0
0,0,0,0,0,0,0,0,0,0,0,0,0,0,0,0,0,0,0,0,0
0,0,0,0,0,0,0,0,0,0,0,0,0,0,0,0,0,0,0,0,0
0,0,0,0,0,0,0,0,0,0,0,0,0,0,0,0,0,0,0,0,0
0,0,0,0,0,0,0,0,0,0,0,0,0,0,0,0,0,0,0,0,0
0,0,0,0,0,0,0,0,0,0,0,0,0,0,0,0,0,0,0,0,0
0,0,0,0,0,0,0,0,0,0,0,0,0,0,0,0,0,0,0,0,0
0,0,0,0,0,0,0,0,0,0,0,0,0,0,0,0,0,0,0,0,0
0,0,0,0,0,0,0,0,0,0,0,0,0,0,0,0,0,0,0,0,0
0,0,0,0,0,0,0,0,0,0,0,0,0,0,0,0,0,0,0,0,0
0,0,0,0,0,0,0,0,0,0,0,0,0,0,0,0,0,0,0,0,0
0,0,0,0,0,0,0,0,0,0,0,0,0,0,0,0,0,0,0,0,0
0,0,0,0,0,0,0,0,0,0,0,0,0,0,0,0,0,0,0,0,0
0,0,0,0,0,0,0,0,0,0,0,0,0,0,0,0,0,0,0,0,0
0,0,0,0,0,0,0,0,0,0,0,0,0,0,0,0,0,0,0,0,0
0,0,0,0,0,0,0,0,0,0,0,0,0,0,0,0,0,0,0,0,0
0,0,0,0,0,0,0,0,0,0,0,0,0,0,0,0,0,0,0,0,0
0,0,0,0,0,0,0,0,0,0,0,0,0,0,0,0,0,0,0,0,0
0,0,0,0,0,0,0,0,0,0,0,0,0,0,0,0,0,0,0,0,0
0,0,0,0,0,0,0,0,0,0,0,0,0,0,0,0,0,0,0,0,0
0,0,0,0,0,0,0,0,0,0,0,0,0,0,0,0,0,0,0,0,0
0,0,0,0,0,0,0,0,0,0,0,0,0,0,0,0,0,0,0,0,0
0,0,0,0,0,0,0,0,0,0,0,0,0,0,0,0,0,0,0,0,0
0,0,0,0,0,0,0,0,0,0,0,0,0,0,0,0,0,0,0,0,0
0,0,0,0,0,0,0,0,0,0,0,0,0,0,0,0,0,0,0,0,0
0,0,0,0,0,0,0,0,0,0,0,0,0,0,0,0,0,0,0,0,0
0,0,0,0,0,0,0,0,0,0,0,0,0,0,0,0,0,0,0,0,0
0,0,0,0,0,0,0,0,0,0,0,0,0,0,0,0,0,0,0,0,0
0,0,0,0,0,0,0,0,0,0,0,0,0,0,0,0,0,0,0,0,0
0,0,0,0,0,0,0,0,0,0,0,0,0,0,0,0,0,0,0,0,0
0,0,0,0,0,0,0,0,0,0,0,0,0,0,0,0,0,0,0,0,0
0,0,0,0,0,0,0,0,0,0,0,0,0,0,0,0,0,0,0,0,0
0,0,0,0,0,0,0,0,0,0,0,0,0,0,0,0,0,0,0,0,0
0,0,0,0,0,0,0,0,0,0,0,0,0,0,0,0,0,0,0,0,0
0,0,0,0,0,0,0,0,0,0,0,0,0,0,0,0,0,0,0,0,0
0,0,0,0,0,0,0,0,0,0,0,0,0,0,0,0,0,0,0,0,0
0,0,0,0,0,0,0,0,0,0,0,0,0,0,0,0,0,0,0,0,0
0,0,0,0,0,0,0,0,0,0,0,0,0,0,0,0,0,0,0,0,0
0,0,0,0,0,0,0,0,0,0,0,0,0,0,0,0,0,0,0,0,0
0,0,0,0,0,0,0,0,0,0,0,0,0,0,0,0,0,0,0,0,0
0,0,0,0,0,0,0,0,0,0,0,0,0,0,0,0,0,0,0,0,0
0,0,0,0,0,0,0,0,0,0,0,0,0,0,0,0,0,0,0,0,0
0,0,0,0,0,0,0,0,0,0,0,0,0,0,0,0,0,0,0,0,0
0,0,0,0,0,0,0,0,0,0,0,0,0,0,0,0,0,0,0,0,0
