0,-44,-73,-97,-123,-81,-116,-140,-158,-80,-112,-136,-157,-80,-111,-130,-145,-83,-110,-123,-134
0,-40,-68,-92,-119,-77,-110,-134,-153,-77,-107,-131,-153,-79,-108,-127,-144,-84,-110,-124,-137
0,-42,-69,-93,-120,-75,-107,-131,-149,-74,-103,-126,-146,-75,-104,-123,-138,-79,-107,-122,-133
0,-35,-60,-82,-106,-70,-101,-122,-137,-71,-98,-116,-132,-73,-98,-113,-125,-78,-102,-114,-122
0,-40,-69,-92,-117,-77,-112,-134,-149,-76,-106,-125,-141,-77,-105,-121,-133,-80,-107,-119,-128
0,-41,-69,-92,-117,-80,-113,-135,-151,-78,-107,-127,-143,-77,-106,-123,-136,-80,-106,-120,-130
0,-41,-67,-89,-113,-75,-108,-129,-145,-72,-102,-121,-138,-72,-100,-118,-131,-74,-102,-117,-128
0,-44,-74,-97,-123,-82,-116,-138,-153,-78,-108,-128,-144,-76,-104,-122,-136,-77,-103,-116,-127
0,-38,-64,-85,-109,-75,-107,-128,-143,-75,-105,-125,-143,-76,-104,-123,-138,-79,-107,-123,-136
0,-42,-69,-91,-115,-79,-111,-134,-151,-77,-109,-132,-152,-77,-108,-127,-143,-80,-110,-128,-141
0,-48,-81,-106,-136,-102,-140,-167,-189,-100,-143,-177,-206,-99,-138,-168,-193,-100,-138,-162,-184
0,-35,-62,-86,-115,-74,-112,-141,-163,-79,-119,-153,-180,-84,-119,-146,-167,-91,-121,-141,-158
0,-18,-30,-42,-55,-29,-49,-63,-74,-35,-56,-72,-84,-42,-69,-79,-83,-50,-77,-85,-88
0,-29,-50,-66,-81,-61,-97,-121,-136,-58,-89,-100,-109,-58,-87,-90,-91,-59,-78,-80,-80
0,-24,-49,-71,-93,-56,-92,-114,-127,-59,-96,-107,-112,-65,-100,-104,-102,-73,-92,-93,-91
0,-23,-50,-76,-103,-60,-100,-126,-140,-65,-102,-112,-116,-70,-102,-99,-91,-78,-94,-85,-75
0,-31,-62,-88,-115,-86,-125,-151,-166,-88,-127,-143,-154,-90,-125,-133,-136,-94,-116,-119,-121
0,-19,-41,-58,-77,-75,-104,-121,-130,-78,-107,-117,-123,-80,-103,-108,-110,-82,-96,-96,-96
0,-22,-39,-50,-62,-72,-100,-112,-118,-71,-98,-107,-112,-70,-92,-98,-100,-68,-84,-88,-89
0,-16,-29,-37,-44,-58,-78,-84,-85,-56,-75,-79,-82,-53,-70,-68,-65,-50,-62,-62,-59
0,-15,-27,-35,-41,-58,-78,-81,-81,-58,-80,-82,-83,-57,-77,-80,-79,-56,-71,-75,-75
0,-11,-24,-35,-45,-55,-73,-77,-78,-59,-79,-82,-84,-60,-78,-77,-75,-62,-75,-78,-78
0,-8,-21,-31,-40,-49,-67,-74,-76,-52,-72,-76,-77,-54,-72,-74,-73,-56,-69,-72,-73
0,-11,-28,-44,-59,-59,-87,-99,-105,-65,-94,-103,-106,-71,-96,-102,-102,-77,-94,-98,-99
0,-5,-21,-38,-55,-48,-80,-100,-111,-61,-93,-108,-115,-73,-103,-111,-114,-85,-107,-113,-115
0,0,-15,-32,-52,-41,-70,-90,-103,-57,-88,-103,-112,-72,-104,-113,-116,-86,-113,-119,-121
0,-2,-18,-36,-56,-35,-63,-81,-93,-50,-79,-91,-98,-64,-96,-101,-101,-78,-105,-110,-110
0,-3,-18,-35,-54,-26,-52,-69,-81,-39,-65,-76,-83,-53,-82,-87,-86,-65,-89,-92,-91
0,-1,-16,-34,-54,-30,-57,-77,-90,-45,-72,-85,-93,-59,-88,-93,-94,-74,-97,-100,-99
0,-12,-25,-40,-57,-25,-49,-66,-77,-33,-56,-69,-78,-42,-69,-76,-77,-52,-77,-82,-83
0,-10,-23,-38,-56,-22,-47,-67,-80,-33,-56,-73,-85,-44,-71,-82,-86,-57,-81,-89,-92
0,-26,-44,-60,-77,-35,-60,-80,-93,-38,-62,-77,-88,-44,-67,-75,-79,-53,-74,-80,-83
0,-28,-47,-64,-82,-37,-60,-78,-91,-39,-58,-74,-85,-43,-65,-75,-80,-51,-72,-80,-83
0,-32,-55,-76,-97,-55,-84,-105,-121,-59,-84,-103,-119,-65,-89,-104,-115,-73,-98,-109,-117
0,-33,-57,-79,-104,-60,-89,-109,-125,-65,-91,-113,-130,-71,-102,-123,-138,-80,-110,-124,-133
0,-49,-77,-98,-119,-84,-116,-136,-148,-73,-107,-123,-132,-64,-102,-113,-112,-57,-91,-97,-95
0,-53,-90,-118,-148,-101,-145,-176,-193,-89,-144,-174,-186,-76,-121,-134,-133,-67,-90,-91,-87
0,-52,-87,-113,-144,-113,-151,-177,-195,-97,-148,-170,-180,-81,-126,-139,-140,-67,-101,-109,-109
0,1,0,-6,-14,11,-4,-15,-21,0,-32,-48,-52,-15,-50,-58,-54,-30,-52,-60,-61
0,0,-2,-8,-13,5,-13,-24,-29,-4,-35,-49,-51,-17,-51,-59,-55,-30,-52,-61,-62
0,3,3,-3,-7,16,-2,-15,-20,5,-21,-39,-45,-8,-35,-47,-49,-22,-36,-42,-43
0,10,15,11,7,27,12,0,-3,14,-3,-20,-28,0,-19,-36,-42,-13,-22,-28,-30
0,5,3,-4,-12,20,0,-14,-20,8,-13,-25,-27,-6,-26,-29,-25,-21,-32,-30,-23
0,17,22,21,17,29,24,14,8,15,16,11,5,0,1,1,-1,-15,-14,-10,-9
0,-3,-8,-13,-19,4,-1,-11,-19,0,-1,-8,-15,-7,-7,-9,-14,-15,-16,-15,-15
0,6,6,3,0,20,11,0,-8,11,1,-11,-19,0,-9,-17,-22,-10,-18,-23,-24
0,6,6,1,-4,27,11,-6,-16,15,-4,-25,-37,0,-20,-37,-43,-15,-27,-35,-38
0,-2,-9,-19,-27,-7,-26,-38,-45,-16,-38,-51,-60,-27,-51,-62,-66,-38,-59,-69,-73
0,1,-5,-17,-28,-1,-23,-40,-50,-13,-37,-53,-62,-27,-52,-61,-64,-40,-61,-68,-70
0,-1,-9,-21,-31,-6,-29,-49,-60,-17,-39,-54,-64,-30,-51,-59,-63,-44,-62,-68,-71
0,-6,-20,-36,-52,-25,-52,-72,-83,-38,-65,-82,-91,-52,-76,-90,-99,-67,-87,-97,-103
0,-8,-20,-32,-46,-29,-46,-56,-63,-42,-59,-72,-81,-55,-80,-97,-109,-68,-93,-105,-112
0,-7,-21,-34,-49,-44,-67,-79,-88,-57,-84,-100,-110,-70,-100,-119,-130,-81,-109,-120,-126
0,-9,-27,-45,-62,-57,-83,-95,-104,-66,-97,-113,-122,-72,-102,-111,-115,-78,-99,-104,-106
0,-8,-22,-37,-51,-47,-71,-83,-90,-57,-87,-103,-111,-64,-91,-96,-96,-71,-87,-85,-82
0,-6,-16,-26,-38,-29,-45,-53,-60,-36,-59,-72,-82,-42,-67,-73,-74,-48,-66,-70,-70
0,-6,-13,-22,-32,-16,-38,-55,-67,-24,-50,-67,-77,-33,-60,-66,-65,-42,-62,-63,-61
0,-15,-27,-36,-46,-39,-61,-72,-79,-41,-64,-72,-77,-45,-65,-62,-60,-49,-65,-64,-62
0,-21,-36,-46,-55,-47,-69,-75,-76,-46,-67,-65,-63,-47,-65,-55,-47,-50,-63,-60,-55
0,-23,-36,-45,-52,-39,-59,-66,-68,-38,-56,-56,-57,-39,-55,-47,-42,-42,-55,-53,-49
0,-25,-38,-47,-53,-42,-61,-67,-68,-40,-57,-55,-55,-40,-55,-45,-40,-44,-56,-53,-49
0,-26,-41,-51,-57,-41,-62,-68,-72,-40,-59,-60,-61,-42,-61,-54,-50,-45,-64,-65,-64
0,-25,-39,-49,-54,-38,-60,-68,-72,-38,-57,-59,-60,-40,-59,-53,-47,-45,-62,-63,-60
0,-22,-36,-46,-52,-34,-57,-68,-74,-36,-55,-57,-59,-39,-58,-52,-47,-46,-61,-61,-59
0,-22,-36,-46,-51,-35,-57,-67,-73,-36,-56,-58,-60,-39,-59,-53,-48,-45,-62,-62,-59
0,-22,-36,-46,-50,-33,-55,-64,-70,-34,-54,-55,-56,-38,-56,-49,-43,-44,-60,-59,-55
0,-22,-36,-47,-53,-36,-58,-65,-69,-38,-59,-60,-61,-42,-62,-56,-50,-48,-65,-64,-61
0,-22,-37,-48,-55,-38,-58,-66,-72,-39,-58,-59,-62,-43,-60,-53,-48,-49,-64,-62,-59
0,-22,-37,-48,-55,-39,-59,-67,-73,-41,-59,-60,-63,-44,-62,-55,-49,-50,-66,-64,-61
0,-22,-38,-50,-57,-42,-63,-72,-79,-44,-63,-64,-67,-48,-66,-57,-51,-55,-70,-68,-64
0,-23,-42,-57,-68,-45,-68,-77,-84,-48,-70,-71,-73,-52,-71,-62,-57,-59,-76,-73,-70
0,-22,-40,-55,-66,-34,-59,-72,-80,-37,-59,-63,-65,-42,-62,-54,-48,-50,-65,-62,-57
0,-13,-25,-38,-47,-9,-36,-52,-59,-14,-39,-43,-42,-24,-46,-40,-31,-35,-48,-44,-37
0,-17,-31,-45,-55,-16,-43,-58,-67,-20,-43,-47,-47,-27,-48,-41,-33,-37,-50,-46,-39
0,-15,-28,-44,-55,2,-26,-43,-50,-2,-31,-37,-35,-12,-39,-33,-21,-25,-39,-33,-24
0,-15,-29,-45,-56,0,-29,-47,-56,-5,-34,-40,-37,-15,-40,-33,-22,-27,-40,-35,-27
0,-29,-56,-83,-111,-46,-95,-125,-140,-55,-102,-122,-128,-68,-112,-115,-108,-83,-118,-119,-114
0,-55,-99,-126,-159,-196,-256,-286,-309,-195,-264,-301,-331,-188,-258,-296,-323,-177,-241,-268,-286
0,-92,-157,-201,-254,-226,-308,-361,-402,-225,-317,-392,-453,-221,-330,-402,-450,-214,-306,-340,-364
0,-81,-142,-189,-245,-208,-290,-348,-391,-211,-302,-375,-432,-209,-314,-383,-427,-206,-293,-325,-346
0,-88,-169,-231,-307,-272,-375,-443,-494,-277,-397,-480,-545,-274,-401,-475,-522,-268,-374,-413,-439
0,-86,-149,-198,-257,-201,-276,-328,-367,-198,-282,-351,-403,-191,-287,-353,-394,-184,-265,-296,-315
0,-62,-114,-154,-205,-175,-242,-287,-321,-181,-251,-311,-359,-182,-267,-329,-369,-180,-258,-288,-305
0,-79,-140,-185,-239,-198,-270,-321,-360,-193,-268,-332,-384,-184,-267,-327,-366,-173,-243,-268,-285
0,-83,-142,-184,-236,-201,-272,-317,-350,-197,-277,-339,-389,-188,-279,-336,-373,-179,-257,-286,-304
0,-69,-124,-171,-225,-154,-214,-256,-288,-157,-216,-269,-311,-158,-225,-277,-312,-161,-219,-244,-261
0,-73,-136,-194,-258,-153,-220,-268,-303,-158,-218,-267,-306,-165,-226,-271,-304,-174,-228,-254,-272
0,-42,-78,-113,-153,-77,-118,-149,-172,-84,-118,-146,-169,-93,-129,-155,-174,-106,-140,-156,-166
0,-37,-69,-101,-133,-73,-131,-169,-185,-76,-135,-159,-166,-83,-136,-146,-141,-91,-119,-113,-100
0,-17,-37,-57,-78,-31,-70,-97,-111,-40,-65,-83,-96,-54,-81,-97,-108,-69,-89,-95,-100
0,-11,-26,-42,-58,-14,-42,-61,-72,-27,-61,-80,-86,-43,-76,-94,-103,-59,-85,-96,-103
0,-10,-20,-33,-44,-8,-38,-59,-71,-19,-46,-65,-76,-34,-61,-79,-89,-48,-67,-77,-83
0,-8,-16,-25,-33,-5,-32,-53,-64,-14,-40,-57,-66,-28,-54,-70,-79,-41,-60,-69,-75
0,0,-5,-12,-20,-7,-25,-40,-50,-19,-48,-65,-72,-33,-60,-76,-84,-45,-66,-76,-83
0,-4,-10,-17,-26,-12,-33,-48,-57,-21,-52,-68,-74,-33,-61,-76,-82,-43,-63,-74,-81
0,-4,-11,-18,-26,-11,-29,-41,-48,-18,-50,-66,-71,-27,-56,-69,-73,-35,-55,-66,-71
0,-1,-6,-13,-20,-7,-22,-34,-42,-16,-45,-61,-68,-25,-52,-64,-68,-34,-55,-66,-71
0,8,8,3,0,11,-4,-13,-17,-5,-35,-50,-53,-22,-53,-60,-57,-38,-61,-69,-71
0,-3,-9,-19,-26,3,-17,-30,-35,-7,-37,-51,-54,-19,-49,-54,-49,-32,-51,-56,-55
0,7,6,-1,-7,13,0,-7,-10,-2,-33,-44,-45,-21,-52,-57,-52,-39,-61,-68,-70
0,5,3,-4,-11,16,4,-3,-7,0,-27,-41,-44,-17,-45,-52,-48,-34,-52,-57,-57
0,5,3,-3,-10,18,7,0,-5,2,-24,-39,-43,-14,-43,-50,-46,-30,-47,-51,-50
0,2,4,0,-5,23,11,2,0,13,-9,-22,-24,0,-27,-35,-32,-10,-27,-30,-28
0,0,2,0,-1,23,9,0,-4,15,-9,-22,-23,4,-22,-30,-27,-6,-21,-25,-24
0,-3,-2,-6,-10,13,-2,-11,-14,7,-16,-26,-26,-2,-26,-31,-27,-11,-24,-25,-22
0,-6,-8,-13,-15,4,-14,-24,-26,0,-24,-31,-28,-7,-31,-31,-24,-16,-29,-30,-26
0,-5,-8,-14,-19,6,-12,-22,-24,1,-24,-31,-28,-7,-31,-31,-23,-17,-29,-28,-23
0,-17,-35,-52,-71,-33,-56,-73,-85,-41,-63,-78,-89,-51,-77,-93,-102,-62,-87,-96,-102
0,-11,-28,-46,-67,-49,-72,-85,-95,-62,-85,-99,-110,-75,-104,-123,-137,-87,-117,-130,-140
0,-12,-31,-50,-73,-55,-80,-95,-107,-69,-97,-116,-130,-81,-114,-135,-149,-93,-125,-138,-147
0,-21,-42,-64,-86,-52,-85,-107,-119,-58,-94,-108,-114,-66,-102,-104,-99,-75,-102,-100,-95
0,-9,-20,-31,-44,-33,-55,-70,-81,-41,-66,-78,-85,-49,-76,-82,-83,-57,-79,-82,-81
0,-3,-13,-22,-34,-28,-41,-49,-55,-35,-49,-55,-61,-40,-55,-59,-61,-44,-57,-58,-59
0,0,-4,-10,-20,-25,-35,-41,-45,-31,-45,-54,-61,-35,-51,-59,-63,-38,-51,-55,-57
0,-14,-27,-38,-48,-46,-67,-78,-84,-45,-64,-67,-69,-44,-59,-53,-47,-42,-52,-45,-39
0,-10,-25,-37,-51,-53,-71,-80,-85,-53,-69,-74,-79,-51,-62,-58,-56,-49,-56,-52,-49
0,-88,-145,-187,-228,-153,-212,-245,-269,-131,-197,-210,-213,-112,-173,-163,-149,-100,-152,-151,-142
0,-16,-26,-35,-42,-14,-33,-48,-56,-13,-28,-34,-37,-16,-29,-28,-25,-20,-28,-26,-22
0,-14,-23,-31,-38,-6,-25,-40,-48,-8,-23,-28,-29,-12,-26,-23,-17,-18,-25,-20,-14
0,-14,-23,-33,-41,-5,-24,-34,-39,-7,-28,-33,-32,-12,-32,-32,-26,-18,-31,-32,-30
0,-20,-41,-62,-81,-32,-60,-78,-86,-37,-61,-71,-73,-44,-62,-62,-58,-52,-65,-61,-56
0,-12,-25,-40,-55,-19,-37,-49,-53,-22,-35,-42,-45,-27,-39,-42,-40,-34,-38,-34,-29
0,-12,-25,-39,-54,-25,-47,-60,-66,-31,-50,-59,-63,-38,-59,-64,-62,-46,-59,-58,-54
0,-18,-35,-50,-66,-32,-57,-72,-78,-35,-58,-65,-64,-40,-62,-62,-56,-46,-61,-57,-50
0,-12,-27,-42,-58,-35,-52,-65,-74,-40,-61,-75,-83,-46,-67,-82,-90,-51,-72,-82,-88
0,-12,-26,-38,-52,-30,-46,-60,-71,-33,-49,-56,-60,-35,-45,-42,-40,-40,-47,-44,-42
0,-11,-24,-35,-48,-33,-50,-65,-75,-36,-53,-59,-62,-40,-52,-49,-45,-45,-54,-50,-46
0,-56,-85,-101,-116,-95,-129,-150,-160,-74,-105,-118,-126,-54,-83,-89,-90,-38,-61,-66,-65
0,-27,-48,-66,-84,-32,-54,-71,-82,-30,-50,-62,-69,-32,-51,-57,-58,-36,-50,-50,-49
0,-21,-37,-53,-68,-35,-57,-74,-85,-35,-58,-69,-76,-37,-61,-64,-63,-41,-58,-59,-57
0,-31,-50,-64,-79,-67,-103,-128,-142,-63,-91,-102,-113,-61,-84,-81,-80,-61,-79,-77,-75
0,-22,-34,-45,-54,-27,-60,-85,-97,-25,-44,-52,-57,-28,-44,-37,-30,-33,-41,-33,-24
0,-26,-42,-56,-69,-48,-82,-105,-117,-46,-67,-73,-79,-46,-63,-53,-45,-50,-61,-52,-43
0,-26,-38,-48,-57,-36,-60,-78,-89,-35,-56,-66,-75,-36,-60,-62,-62,-39,-56,-54,-52
0,-20,-42,-62,-81,-55,-87,-108,-120,-59,-86,-91,-96,-63,-91,-84,-77,-69,-85,-76,-69
0,-24,-45,-60,-74,-70,-84,-84,-83,-61,-70,-59,-52,-50,-50,-35,-27,-40,-40,-32,-27
0,-36,-63,-80,-95,-86,-107,-112,-113,-71,-89,-80,-73,-54,-61,-46,-36,-41,-44,-37,-33
0,-49,-85,-108,-129,-111,-149,-168,-179,-92,-123,-126,-128,-71,-90,-77,-65,-55,-66,-60,-52
0,-49,-83,-105,-125,-110,-147,-166,-176,-91,-122,-126,-126,-71,-92,-79,-67,-55,-69,-63,-55
0,-61,-101,-124,-143,-138,-181,-207,-224,-110,-149,-164,-176,-80,-93,-79,-71,-55,-62,-56,-52
0,-37,-59,-72,-82,-81,-108,-125,-135,-67,-91,-102,-109,-52,-70,-70,-66,-38,-47,-43,-38
0,-47,-78,-95,-111,-108,-141,-160,-175,-90,-128,-147,-162,-70,-98,-105,-109,-50,-68,-71,-73
0,-41,-69,-88,-105,-79,-108,-127,-139,-64,-92,-104,-111,-51,-80,-89,-91,-38,-62,-69,-71
0,-22,-41,-59,-77,-42,-67,-87,-100,-44,-74,-87,-93,-47,-71,-71,-69,-52,-65,-60,-55
0,-13,-29,-43,-58,-48,-70,-83,-92,-53,-70,-75,-80,-56,-74,-72,-69,-61,-76,-75,-73
0,-10,-25,-37,-50,-58,-78,-88,-94,-63,-85,-94,-100,-65,-87,-90,-90,-66,-86,-91,-92
0,-15,-32,-45,-61,-65,-86,-93,-96,-69,-90,-95,-96,-70,-90,-85,-77,-71,-85,-77,-69
0,-12,-32,-49,-69,-77,-100,-108,-112,-83,-108,-112,-113,-85,-104,-93,-80,-86,-97,-84,-71
0,-23,-48,-66,-86,-96,-121,-126,-126,-94,-121,-121,-118,-88,-107,-95,-81,-83,-92,-80,-68
0,-29,-59,-80,-102,-106,-133,-137,-137,-101,-127,-124,-121,-91,-108,-94,-82,-84,-91,-79,-68
0,-50,-91,-121,-150,-121,-155,-165,-169,-106,-137,-141,-143,-89,-109,-113,-115,-75,-88,-91,-94
0,-50,-94,-129,-165,-117,-160,-184,-197,-106,-146,-162,-171,-95,-125,-137,-143,-87,-104,-111,-115
0,-25,-48,-73,-97,-44,-80,-105,-118,-51,-83,-101,-112,-60,-86,-95,-100,-73,-93,-101,-106
0,-22,-46,-71,-95,-42,-75,-95,-106,-48,-78,-91,-99,-57,-78,-78,-78,-68,-82,-81,-81
0,-23,-46,-70,-92,-37,-73,-95,-106,-42,-73,-86,-90,-50,-73,-70,-64,-60,-75,-71,-66
0,-25,-48,-72,-95,-37,-72,-95,-106,-41,-73,-88,-93,-48,-73,-72,-67,-58,-74,-71,-65
0,-25,-48,-72,-94,-34,-69,-92,-103,-38,-67,-80,-85,-45,-68,-67,-61,-55,-70,-67,-61
0,-29,-55,-83,-110,-39,-78,-103,-114,-41,-77,-93,-98,-48,-77,-77,-71,-58,-77,-75,-69
0,-37,-68,-98,-126,-53,-99,-130,-144,-54,-97,-119,-129,-60,-94,-101,-99,-69,-91,-93,-92
0,-36,-66,-97,-126,-46,-91,-119,-132,-48,-88,-106,-112,-54,-88,-90,-85,-63,-86,-85,-79
0,-34,-65,-96,-127,-47,-95,-126,-141,-52,-96,-115,-122,-62,-101,-106,-102,-75,-102,-104,-100
0,-36,-67,-97,-127,-45,-91,-123,-138,-47,-91,-110,-116,-56,-94,-99,-94,-68,-96,-98,-93
0,-29,-62,-95,-131,-70,-116,-150,-173,-82,-126,-151,-168,-96,-140,-158,-167,-111,-148,-160,-168
0,-38,-74,-110,-146,-61,-117,-156,-178,-67,-119,-143,-154,-78,-126,-134,-132,-92,-128,-131,-128
0,-45,-87,-124,-165,-103,-159,-196,-219,-110,-165,-194,-214,-120,-175,-196,-209,-132,-177,-192,-201
0,-57,-102,-140,-179,-100,-162,-200,-222,-102,-163,-193,-208,-108,-174,-198,-206,-117,-172,-190,-196
0,-69,-113,-146,-177,-107,-171,-207,-222,-95,-154,-175,-181,-90,-157,-170,-165,-87,-143,-151,-147
0,-88,-145,-185,-226,-164,-236,-275,-293,-143,-209,-233,-244,-126,-197,-209,-204,-113,-168,-175,-171
0,-5,-15,-24,-30,-23,-38,-41,-42,-30,-45,-42,-42,-38,-51,-42,-37,-47,-61,-60,-58
0,-15,-23,-29,-38,-25,-48,-69,-80,-26,-46,-63,-76,-29,-49,-62,-69,-31,-46,-51,-53
0,-8,-16,-27,-39,-16,-32,-42,-49,-25,-45,-51,-53,-35,-57,-51,-43,-47,-60,-52,-43
0,-5,-20,-35,-51,-37,-62,-77,-83,-43,-59,-58,-59,-49,-60,-50,-44,-56,-60,-50,-42
0,12,9,3,-3,-11,-22,-28,-31,-21,-24,-20,-20,-30,-29,-21,-19,-36,-35,-26,-19
0,15,13,8,1,-18,-27,-29,-29,-30,-29,-21,-19,-38,-34,-21,-16,-45,-39,-26,-17
0,10,6,0,-5,-25,-36,-39,-40,-34,-39,-32,-28,-41,-43,-29,-22,-47,-47,-35,-27
0,-3,-20,-36,-51,-64,-90,-97,-97,-74,-96,-91,-87,-80,-97,-78,-65,-86,-99,-86,-76
0,-8,-25,-38,-50,-71,-98,-103,-101,-76,-101,-95,-88,-79,-95,-75,-60,-80,-90,-75,-64
0,-38,-77,-108,-140,-116,-166,-200,-219,-113,-152,-162,-171,-108,-139,-131,-125,-105,-123,-112,-105
0,-29,-61,-91,-123,-63,-103,-126,-137,-71,-115,-128,-127,-80,-118,-119,-113,-91,-116,-111,-104
0,-31,-59,-85,-113,-74,-107,-125,-133,-77,-112,-127,-133,-80,-112,-130,-138,-85,-119,-134,-140
0,-41,-72,-98,-128,-83,-105,-117,-127,-82,-99,-116,-131,-80,-109,-138,-159,-79,-114,-133,-146
0,-37,-66,-92,-122,-83,-107,-121,-133,-83,-101,-118,-133,-82,-112,-140,-160,-83,-118,-137,-151
0,-42,-73,-99,-131,-88,-112,-126,-138,-87,-109,-129,-146,-86,-122,-153,-175,-86,-126,-148,-163
0,-45,-78,-106,-138,-91,-116,-128,-138,-88,-111,-126,-138,-85,-123,-149,-164,-84,-123,-143,-155
0,-35,-66,-93,-125,-89,-115,-132,-146,-91,-119,-135,-148,-92,-127,-149,-163,-94,-130,-146,-158
0,-29,-63,-95,-131,-86,-131,-166,-188,-95,-139,-160,-176,-103,-146,-154,-157,-113,-147,-150,-151
0,-37,-67,-90,-113,-103,-148,-172,-185,-97,-141,-159,-173,-91,-131,-149,-158,-86,-116,-133,-146
0,-21,-31,-36,-41,-63,-82,-88,-94,-60,-81,-88,-97,-56,-78,-88,-97,-52,-74,-88,-100
0,-13,-28,-39,-54,-69,-96,-108,-114,-75,-101,-114,-123,-79,-101,-115,-124,-81,-103,-115,-123
0,-11,-30,-45,-63,-80,-107,-115,-119,-87,-115,-122,-127,-90,-112,-118,-122,-92,-110,-116,-120
0,-23,-52,-73,-98,-114,-147,-157,-161,-116,-153,-160,-165,-115,-145,-150,-153,-112,-136,-143,-146
0,-31,-57,-78,-103,-95,-127,-148,-163,-95,-123,-140,-156,-92,-116,-127,-137,-91,-112,-118,-125
0,-38,-67,-93,-115,-42,-75,-93,-101,-38,-69,-82,-85,-39,-69,-74,-72,-42,-65,-69,-67
0,-38,-68,-95,-120,-47,-88,-116,-130,-48,-86,-106,-112,-54,-85,-94,-95,-62,-87,-92,-91
0,-34,-63,-92,-119,-44,-86,-117,-132,-49,-89,-113,-124,-58,-89,-103,-108,-69,-99,-111,-115
0,-41,-73,-103,-134,-59,-101,-133,-149,-63,-105,-134,-149,-71,-111,-136,-149,-81,-122,-141,-150
0,-25,-47,-69,-93,-44,-66,-82,-94,-53,-72,-91,-106,-63,-91,-119,-138,-74,-108,-129,-142
0,-31,-57,-81,-109,-61,-86,-103,-116,-69,-88,-106,-120,-78,-108,-138,-159,-88,-126,-146,-159
0,-32,-59,-82,-110,-69,-95,-112,-124,-77,-95,-112,-126,-86,-118,-148,-170,-95,-133,-150,-161
0,-28,-52,-74,-99,-68,-98,-111,-119,-75,-107,-124,-133,-82,-126,-145,-150,-88,-130,-140,-142
0,-29,-54,-79,-105,-69,-101,-116,-124,-76,-112,-130,-138,-83,-130,-141,-138,-92,-131,-135,-130
0,-31,-56,-81,-106,-67,-104,-124,-137,-73,-119,-138,-146,-79,-124,-121,-109,-87,-119,-110,-97
0,-33,-59,-83,-106,-75,-112,-133,-146,-77,-123,-140,-145,-78,-117,-109,-95,-83,-108,-98,-84
0,-33,-59,-83,-107,-65,-101,-126,-142,-64,-114,-131,-135,-64,-108,-106,-95,-66,-96,-90,-78
0,-43,-77,-105,-135,-78,-117,-143,-159,-73,-125,-143,-148,-70,-114,-112,-101,-69,-101,-97,-86
0,-33,-63,-89,-116,-70,-105,-129,-144,-69,-117,-131,-133,-70,-111,-109,-99,-73,-103,-100,-90
0,-49,-89,-121,-153,-94,-148,-184,-203,-87,-149,-170,-175,-82,-130,-128,-116,-80,-114,-108,-95
0,-62,-112,-151,-188,-136,-197,-234,-254,-125,-195,-221,-231,-114,-163,-162,-155,-107,-138,-133,-124
0,-32,-57,-78,-96,-51,-88,-116,-130,-50,-85,-99,-103,-51,-82,-78,-71,-56,-77,-72,-63
0,-33,-60,-82,-103,-56,-92,-117,-130,-55,-92,-105,-108,-56,-89,-86,-77,-60,-84,-79,-69
0,-32,-57,-76,-93,-57,-90,-111,-121,-55,-85,-94,-96,-55,-82,-78,-70,-58,-78,-73,-66
0,-32,-58,-79,-97,-63,-98,-119,-129,-61,-91,-97,-98,-60,-85,-78,-69,-63,-81,-76,-69
0,-33,-61,-84,-104,-66,-103,-127,-139,-64,-94,-103,-108,-62,-88,-82,-75,-64,-83,-78,-71
0,-30,-55,-77,-97,-65,-101,-125,-137,-63,-92,-101,-105,-63,-86,-79,-72,-65,-82,-77,-70
0,-32,-57,-78,-97,-66,-103,-128,-140,-64,-96,-106,-112,-64,-92,-88,-82,-66,-87,-84,-79
0,-31,-59,-83,-107,-67,-109,-138,-152,-67,-104,-115,-120,-69,-105,-101,-93,-73,-102,-98,-90
0,-30,-54,-75,-96,-56,-98,-128,-143,-58,-93,-105,-111,-62,-95,-93,-87,-68,-96,-94,-87
0,-33,-54,-71,-87,-64,-92,-106,-112,-61,-94,-106,-113,-60,-96,-102,-100,-59,-92,-99,-98
0,-31,-51,-66,-80,-64,-92,-103,-108,-62,-97,-110,-116,-60,-100,-108,-106,-59,-95,-105,-105
0,-26,-44,-58,-70,-63,-86,-93,-95,-62,-95,-105,-108,-61,-99,-104,-101,-60,-99,-109,-109
0,-26,-44,-59,-71,-62,-86,-94,-96,-61,-95,-105,-109,-60,-98,-103,-99,-59,-97,-107,-106
0,-27,-46,-62,-76,-65,-87,-94,-96,-61,-94,-103,-104,-57,-94,-99,-94,-54,-95,-106,-105
0,-40,-68,-89,-106,-102,-144,-162,-169,-96,-147,-155,-152,-91,-142,-141,-130,-87,-141,-152,-147
0,-42,-70,-93,-113,-97,-138,-151,-155,-94,-149,-157,-154,-92,-152,-155,-144,-92,-148,-158,-153
0,-49,-86,-117,-146,-117,-177,-208,-224,-116,-191,-217,-225,-118,-190,-198,-190,-122,-183,-194,-192
0,-53,-93,-123,-150,-126,-187,-216,-231,-123,-199,-221,-228,-121,-191,-197,-190,-122,-185,-201,-202
0,-52,-92,-124,-153,-138,-205,-236,-252,-137,-221,-244,-250,-138,-217,-227,-222,-140,-210,-229,-233
0,-48,-85,-116,-144,-113,-180,-214,-231,-115,-198,-225,-231,-119,-197,-203,-192,-126,-191,-203,-199
0,-49,-89,-124,-156,-117,-177,-205,-218,-114,-193,-216,-221,-113,-188,-199,-193,-115,-180,-198,-199
0,-45,-87,-124,-160,-117,-172,-195,-204,-115,-181,-198,-200,-113,-173,-178,-170,-115,-170,-183,-181
0,-43,-81,-116,-148,-109,-162,-184,-194,-107,-171,-187,-189,-107,-168,-173,-166,-109,-165,-179,-176
0,-25,-54,-84,-113,-68,-102,-121,-128,-72,-109,-122,-126,-76,-111,-115,-111,-82,-111,-115,-110
0,-18,-42,-68,-93,-54,-85,-99,-104,-59,-93,-104,-107,-64,-100,-103,-96,-69,-99,-102,-96
0,-15,-40,-65,-89,-55,-86,-99,-102,-61,-99,-110,-110,-67,-107,-111,-104,-73,-108,-115,-111
0,-10,-32,-55,-77,-43,-66,-75,-77,-50,-81,-90,-91,-56,-87,-87,-80,-62,-86,-86,-82
0,-10,-29,-51,-72,-31,-58,-68,-69,-40,-76,-87,-87,-49,-88,-91,-83,-58,-82,-82,-77
0,-7,-23,-42,-59,-22,-49,-59,-62,-32,-67,-75,-73,-45,-79,-78,-69,-57,-79,-80,-75
0,-10,-20,-34,-47,-9,-28,-40,-47,-18,-42,-57,-64,-31,-57,-68,-70,-43,-61,-69,-73
0,-6,-17,-30,-43,-6,-21,-31,-38,-17,-50,-63,-64,-32,-56,-65,-68,-46,-62,-69,-73
0,-4,-14,-27,-41,-2,-16,-25,-32,-15,-45,-55,-56,-29,-52,-57,-56,-45,-59,-63,-65
0,-1,-8,-21,-33,7,-8,-19,-25,-5,-32,-45,-48,-21,-44,-46,-41,-37,-49,-50,-47
0,1,0,-6,-12,23,17,7,0,11,5,-4,-11,-4,-12,-15,-18,-22,-30,-31,-31
0,-7,-16,-29,-43,0,-19,-38,-50,-9,-29,-47,-58,-23,-40,-50,-55,-38,-50,-54,-56
0,-11,-22,-36,-50,-1,-21,-38,-50,-9,-32,-49,-58,-20,-40,-47,-49,-34,-48,-52,-54
0,-9,-17,-26,-34,-7,-25,-35,-41,-14,-48,-57,-55,-23,-55,-55,-47,-34,-57,-64,-64
0,-3,-6,-12,-18,0,-11,-16,-21,-9,-38,-47,-46,-21,-52,-62,-61,-31,-59,-74,-81
0,-8,-21,-36,-51,-34,-61,-75,-82,-46,-77,-91,-96,-60,-91,-107,-116,-72,-101,-115,-123
0,-7,-18,-29,-39,-28,-48,-55,-58,-39,-66,-76,-79,-51,-79,-93,-100,-62,-85,-97,-103
0,1,-5,-15,-23,-13,-32,-41,-45,-24,-43,-49,-50,-36,-57,-62,-61,-47,-63,-66,-67
0,3,-3,-12,-22,-13,-38,-51,-55,-26,-52,-62,-62,-39,-64,-71,-69,-51,-67,-70,-69
0,-10,-26,-42,-60,-47,-73,-86,-93,-55,-79,-83,-84,-63,-85,-86,-85,-71,-91,-92,-89
0,-27,-50,-67,-87,-71,-101,-121,-133,-71,-101,-117,-129,-69,-96,-100,-102,-70,-90,-88,-87
0,-25,-49,-68,-89,-80,-112,-131,-142,-83,-119,-135,-147,-86,-125,-138,-145,-88,-124,-133,-138
0,-36,-64,-87,-111,-76,-117,-146,-164,-77,-120,-143,-161,-78,-120,-133,-140,-81,-118,-128,-133
0,-26,-54,-79,-106,-76,-117,-141,-156,-85,-134,-154,-164,-97,-148,-168,-177,-107,-153,-169,-177
0,-29,-59,-86,-113,-72,-114,-130,-136,-79,-128,-140,-140,-89,-139,-155,-157,-100,-141,-155,-158
0,-34,-70,-104,-136,-91,-133,-143,-143,-96,-144,-148,-141,-103,-150,-160,-158,-111,-156,-174,-181
0,-32,-67,-102,-134,-69,-109,-124,-129,-76,-117,-122,-117,-86,-122,-124,-119,-98,-133,-144,-146
0,-39,-78,-114,-152,-87,-128,-154,-169,-90,-124,-143,-156,-94,-123,-141,-155,-101,-124,-132,-140
0,-40,-78,-113,-150,-89,-127,-150,-161,-90,-124,-142,-153,-93,-122,-140,-154,-98,-123,-135,-145
0,-52,-96,-134,-172,-116,-163,-188,-202,-109,-156,-178,-193,-105,-144,-162,-175,-103,-138,-156,-169
0,-48,-88,-121,-156,-108,-150,-169,-178,-102,-144,-160,-169,-97,-136,-150,-159,-95,-133,-153,-166
0,-41,-78,-111,-145,-97,-136,-150,-153,-92,-131,-139,-141,-88,-128,-137,-135,-86,-124,-139,-145
0,-31,-64,-97,-129,-65,-107,-126,-131,-64,-108,-116,-113,-66,-109,-111,-101,-70,-98,-102,-98
0,-29,-59,-90,-120,-68,-107,-124,-129,-69,-112,-119,-116,-73,-113,-113,-103,-78,-106,-109,-104
0,-33,-65,-97,-128,-77,-118,-136,-143,-78,-129,-141,-142,-81,-130,-135,-127,-86,-123,-131,-129
0,-28,-58,-87,-116,-67,-101,-116,-121,-69,-113,-124,-125,-73,-116,-119,-111,-77,-112,-118,-115
0,-30,-57,-83,-108,-68,-102,-118,-125,-68,-114,-123,-121,-70,-113,-112,-100,-73,-99,-94,-83
0,-18,-36,-54,-69,-62,-97,-106,-105,-67,-115,-120,-115,-73,-122,-120,-107,-80,-117,-123,-119
0,-32,-63,-89,-117,-96,-140,-169,-189,-102,-154,-174,-187,-108,-155,-164,-167,-114,-151,-156,-158
0,-32,-65,-96,-126,-91,-134,-158,-172,-93,-138,-150,-157,-97,-136,-144,-146,-102,-128,-134,-138
0,-20,-40,-54,-68,-76,-108,-126,-138,-79,-113,-122,-128,-81,-113,-120,-122,-84,-109,-114,-117
0,-24,-46,-62,-77,-81,-115,-133,-144,-84,-119,-128,-135,-85,-121,-130,-134,-86,-116,-124,-128
0,-26,-47,-61,-76,-87,-120,-136,-146,-85,-116,-124,-130,-82,-111,-116,-120,-79,-103,-109,-112
0,-17,-30,-36,-41,-70,-95,-104,-109,-71,-98,-103,-106,-70,-96,-106,-112,-69,-88,-94,-99
0,-19,-38,-51,-63,-74,-99,-109,-116,-76,-104,-111,-117,-77,-102,-111,-117,-77,-96,-100,-103
0,-13,-32,-50,-68,-61,-91,-109,-119,-70,-100,-110,-118,-78,-103,-108,-109,-86,-103,-103,-103
0,-15,-36,-54,-73,-65,-96,-114,-125,-72,-100,-109,-117,-78,-101,-102,-102,-86,-100,-99,-98
0,-20,-42,-60,-80,-71,-103,-123,-135,-76,-106,-119,-129,-79,-104,-108,-110,-83,-99,-98,-98
0,-32,-60,-83,-106,-87,-130,-160,-179,-91,-132,-149,-162,-94,-128,-130,-132,-100,-124,-125,-126
0,-16,-40,-62,-87,-71,-113,-142,-163,-85,-125,-146,-165,-99,-140,-155,-168,-112,-147,-159,-169
0,-77,-133,-176,-222,-156,-210,-244,-265,-139,-197,-232,-255,-122,-171,-201,-220,-107,-142,-161,-174
0,-17,-43,-67,-94,-82,-125,-153,-172,-96,-142,-165,-181,-108,-150,-171,-185,-120,-155,-173,-186
0,-19,-40,-57,-78,-63,-100,-125,-141,-72,-108,-126,-139,-82,-119,-132,-139,-92,-122,-132,-138
0,-8,-24,-39,-56,-52,-82,-101,-114,-65,-93,-108,-118,-76,-103,-115,-121,-86,-108,-115,-119
0,0,-16,-34,-56,-58,-92,-113,-128,-78,-114,-131,-143,-96,-131,-146,-156,-113,-144,-158,-168
0,0,-16,-34,-55,-49,-83,-106,-122,-69,-104,-123,-138,-88,-123,-141,-153,-105,-135,-148,-158
0,0,-15,-32,-51,-50,-85,-107,-122,-72,-112,-130,-141,-94,-132,-149,-159,-113,-147,-163,-173
0,1,-11,-26,-41,-43,-70,-86,-98,-63,-91,-106,-116,-81,-111,-127,-139,-97,-126,-140,-150
0,0,-9,-21,-33,-19,-43,-59,-71,-34,-62,-76,-84,-51,-77,-88,-92,-67,-85,-91,-94
0,-1,-17,-34,-53,-47,-79,-100,-116,-66,-105,-126,-139,-84,-123,-142,-154,-100,-133,-149,-159
0,-40,-69,-86,-101,-99,-136,-158,-171,-88,-123,-137,-148,-76,-108,-118,-123,-65,-84,-88,-90
0,-22,-37,-46,-54,-54,-69,-76,-79,-50,-63,-65,-68,-45,-60,-64,-64,-41,-51,-52,-53
0,-15,-40,-61,-83,-68,-97,-114,-122,-71,-89,-92,-97,-71,-89,-87,-85,-72,-80,-74,-69
0,-19,-37,-55,-70,-38,-69,-86,-95,-40,-63,-69,-73,-43,-63,-60,-56,-48,-59,-54,-49
0,-21,-46,-72,-97,-38,-83,-112,-126,-49,-94,-111,-115,-65,-99,-108,-109,-83,-109,-117,-120
0,-21,-39,-56,-74,-32,-60,-81,-94,-39,-67,-86,-98,-50,-79,-95,-104,-62,-89,-100,-107
0,-49,-94,-135,-178,-104,-146,-169,-183,-102,-140,-152,-161,-101,-143,-152,-156,-102,-132,-136,-139
0,-44,-71,-94,-120,-91,-134,-159,-176,-91,-139,-164,-182,-92,-148,-171,-182,-94,-140,-155,-164
0,-25,-48,-69,-91,-68,-110,-137,-150,-71,-103,-120,-134,-76,-113,-130,-138,-81,-102,-109,-115
0,-19,-31,-43,-54,-17,-46,-65,-75,-23,-70,-85,-82,-33,-74,-72,-59,-43,-66,-62,-52
0,4,3,1,1,-6,-7,-7,-8,-13,-2,3,3,-18,-7,5,8,-23,-11,2,10
0,5,-1,-10,-21,-9,-23,-35,-45,-22,-31,-38,-43,-35,-43,-43,-43,-47,-49,-41,-34
0,17,14,6,-1,-2,-12,-18,-22,-19,-24,-26,-28,-34,-37,-33,-32,-47,-43,-33,-27
0,-39,-70,-92,-113,-110,-147,-168,-183,-106,-141,-156,-173,-100,-137,-150,-162,-95,-118,-122,-129
0,-56,-111,-158,-207,-153,-222,-267,-298,-160,-252,-308,-345,-163,-244,-280,-300,-168,-225,-246,-261
0,-27,-54,-74,-98,-91,-116,-133,-147,-90,-118,-137,-155,-86,-116,-142,-163,-80,-104,-117,-129
0,-31,-53,-70,-88,-67,-95,-113,-125,-66,-96,-115,-128,-67,-98,-118,-131,-68,-91,-102,-110
0,-25,-50,-72,-95,-60,-81,-92,-100,-58,-74,-81,-87,-56,-73,-81,-86,-54,-63,-63,-63
0,-35,-68,-93,-121,-114,-144,-154,-162,-111,-144,-154,-162,-103,-135,-155,-168,-95,-119,-130,-139
0,-39,-78,-107,-137,-138,-178,-197,-209,-128,-166,-174,-181,-113,-138,-137,-136,-100,-109,-104,-101
0,-53,-101,-133,-167,-168,-217,-242,-258,-152,-192,-201,-209,-129,-153,-152,-152,-109,-124,-124,-126
0,-51,-95,-128,-162,-127,-165,-185,-197,-116,-156,-173,-187,-102,-139,-159,-172,-89,-115,-128,-138
0,-33,-73,-110,-148,-101,-144,-167,-178,-101,-141,-144,-148,-102,-143,-147,-147,-105,-132,-134,-137
0,-39,-70,-96,-123,-67,-120,-155,-174,-70,-120,-140,-148,-78,-126,-134,-132,-89,-123,-127,-126
0,-36,-64,-90,-114,-46,-92,-120,-130,-50,-97,-112,-111,-58,-103,-109,-101,-68,-96,-95,-86
0,-30,-55,-79,-101,-39,-87,-114,-124,-45,-94,-111,-110,-56,-94,-94,-82,-70,-87,-78,-66
0,-19,-32,-47,-56,-12,-50,-65,-69,-20,-63,-69,-57,-32,-67,-58,-42,-48,-62,-55,-44
0,-12,-22,-35,-44,1,-29,-46,-54,-7,-41,-48,-42,-22,-51,-42,-28,-40,-54,-45,-35
0,-10,-21,-36,-48,3,-26,-44,-53,-7,-37,-46,-44,-22,-47,-38,-27,-39,-49,-40,-31
0,-6,-10,-20,-27,15,-12,-28,-35,4,-25,-32,-27,-11,-36,-25,-10,-29,-38,-26,-14
0,-5,-7,-15,-19,19,-7,-21,-26,9,-19,-24,-17,-6,-30,-19,-3,-23,-31,-19,-6
0,-5,-8,-17,-24,19,-5,-20,-26,10,-17,-25,-22,-4,-26,-21,-9,-20,-28,-21,-12
0,-9,-11,-19,-23,20,0,-16,-23,14,-9,-20,-18,2,-19,-19,-12,-11,-21,-20,-15
0,-1,-2,-9,-14,22,1,-13,-19,13,-11,-21,-19,0,-21,-22,-14,-16,-26,-24,-19
0,-9,-18,-30,-39,-5,-30,-48,-56,-13,-38,-49,-50,-25,-42,-48,-48,-39,-50,-55,-57
0,-7,-25,-47,-71,-26,-60,-85,-99,-42,-59,-74,-87,-61,-78,-96,-111,-80,-97,-103,-109
0,-5,-18,-31,-46,-32,-52,-62,-69,-45,-67,-78,-85,-57,-85,-100,-107,-68,-89,-97,-101
0,-8,-22,-37,-52,-41,-64,-77,-86,-52,-81,-97,-107,-61,-92,-105,-110,-69,-94,-101,-104
0,-11,-27,-43,-58,-49,-71,-82,-90,-57,-85,-97,-106,-63,-89,-99,-104,-68,-87,-93,-96
0,-11,-27,-43,-59,-50,-73,-85,-93,-56,-84,-96,-104,-62,-89,-99,-105,-66,-86,-95,-99
0,-3,-17,-32,-49,-47,-70,-81,-88,-58,-85,-96,-103,-66,-92,-99,-101,-73,-92,-95,-96
0,-3,-16,-29,-43,-43,-65,-78,-87,-53,-77,-89,-100,-62,-86,-93,-97,-69,-91,-98,-102
0,-15,-33,-49,-66,-39,-69,-89,-100,-45,-72,-85,-94,-51,-78,-80,-80,-58,-80,-82,-81
0,-11,-20,-29,-37,-15,-39,-54,-62,-21,-43,-49,-49,-30,-51,-49,-43,-40,-56,-56,-52
0,-15,-24,-34,-41,-9,-34,-48,-55,-13,-37,-44,-44,-20,-42,-42,-36,-29,-45,-45,-41
0,-25,-45,-65,-83,-40,-75,-96,-106,-45,-81,-96,-99,-54,-87,-101,-104,-64,-95,-108,-112
0,-22,-42,-60,-81,-48,-71,-87,-96,-52,-65,-78,-90,-58,-78,-96,-111,-65,-89,-99,-106
0,-29,-43,-55,-67,-46,-69,-81,-89,-46,-69,-83,-93,-48,-86,-98,-101,-50,-87,-95,-96
0,-35,-54,-70,-87,-46,-71,-88,-99,-43,-70,-85,-95,-44,-85,-98,-100,-46,-85,-95,-97
0,-20,-34,-48,-62,-26,-53,-72,-80,-24,-46,-58,-63,-24,-44,-48,-48,-26,-37,-34,-28
0,-41,-78,-111,-144,-77,-124,-149,-161,-74,-113,-122,-123,-76,-114,-121,-120,-81,-113,-123,-124
0,-25,-53,-79,-107,-84,-126,-150,-164,-92,-143,-168,-182,-99,-150,-163,-163,-106,-144,-150,-150
0,-30,-54,-75,-95,-41,-70,-91,-102,-39,-65,-78,-84,-39,-65,-71,-70,-41,-59,-59,-55
0,-15,-37,-57,-77,-69,-104,-126,-141,-80,-118,-132,-140,-89,-120,-120,-117,-99,-122,-121,-118
0,-15,-37,-57,-77,-69,-104,-126,-141,-80,-118,-132,-140,-89,-120,-120,-117,-99,-122,-121,-118
0,-21,-44,-66,-89,-43,-69,-83,-90,-45,-74,-86,-89,-47,-73,-75,-71,-50,-65,-62,-55
0,-17,-34,-49,-65,-30,-50,-62,-67,-32,-51,-57,-58,-35,-52,-51,-48,-39,-52,-49,-44
0,-19,-36,-52,-67,-25,-48,-60,-66,-26,-50,-57,-58,-30,-55,-54,-48,-36,-54,-53,-48
0,-21,-37,-52,-63,-21,-42,-49,-51,-19,-43,-45,-41,-22,-45,-41,-31,-25,-41,-39,-33
0,-22,-38,-53,-65,-18,-41,-50,-54,-17,-41,-43,-39,-20,-43,-38,-28,-25,-39,-36,-30
0,-24,-42,-58,-71,-20,-43,-52,-56,-18,-42,-45,-42,-19,-43,-38,-29,-23,-37,-34,-29
0,-10,-17,-26,-31,-1,-22,-34,-38,-4,-26,-32,-31,-11,-29,-30,-25,-20,-30,-33,-32
0,-27,-41,-50,-59,-33,-45,-54,-59,-27,-37,-43,-48,-24,-36,-41,-45,-22,-32,-35,-36
0,-23,-44,-60,-79,-57,-77,-88,-96,-58,-74,-85,-93,-59,-79,-94,-105,-60,-80,-88,-93
0,-11,-27,-40,-56,-54,-77,-89,-98,-51,-64,-54,-48,-47,-54,-38,-29,-43,-45,-32,-23
0,-12,-22,-33,-43,-20,-31,-39,-44,-22,-37,-36,-33,-25,-40,-33,-25,-28,-36,-28,-19
0,-20,-39,-55,-67,-44,-58,-62,-63,-42,-49,-45,-45,-39,-44,-32,-25,-37,-40,-29,-20
0,-13,-26,-36,-42,-53,-67,-66,-63,-56,-66,-56,-50,-58,-66,-51,-42,-59,-68,-61,-55
0,-16,-30,-41,-45,-69,-90,-85,-77,-72,-92,-80,-70,-73,-88,-72,-60,-75,-90,-87,-83
0,-22,-36,-47,-50,-68,-89,-85,-78,-65,-81,-69,-58,-61,-71,-52,-39,-59,-66,-57,-49
0,-45,-67,-78,-86,-100,-124,-129,-131,-86,-109,-108,-112,-72,-99,-98,-97,-60,-83,-88,-93
0,-48,-88,-125,-163,-91,-141,-176,-194,-87,-124,-137,-147,-87,-119,-119,-117,-91,-112,-107,-102
0,-63,-118,-168,-220,-113,-180,-219,-239,-112,-181,-206,-213,-116,-178,-189,-185,-124,-170,-183,-187
0,-59,-102,-135,-172,-139,-182,-208,-227,-127,-170,-198,-225,-113,-164,-191,-210,-99,-139,-154,-167
0,-38,-61,-71,-83,-100,-131,-146,-157,-89,-122,-138,-149,-76,-108,-129,-143,-62,-88,-106,-119
0,-26,-48,-61,-75,-93,-127,-147,-160,-89,-120,-134,-146,-83,-110,-125,-135,-77,-97,-108,-116
0,-12,-26,-36,-47,-63,-86,-96,-101,-66,-87,-94,-99,-67,-89,-100,-107,-68,-85,-93,-98
0,-9,-22,-31,-41,-57,-80,-92,-98,-62,-84,-93,-98,-65,-87,-99,-105,-68,-86,-94,-99
0,-12,-25,-34,-44,-60,-82,-89,-91,-63,-86,-93,-97,-64,-85,-95,-100,-65,-80,-88,-92
0,-8,-19,-27,-36,-50,-71,-79,-83,-56,-75,-82,-87,-59,-77,-85,-90,-62,-76,-82,-86
0,-7,-18,-27,-36,-47,-66,-73,-76,-52,-70,-76,-80,-56,-72,-80,-84,-59,-74,-79,-82
0,-8,-20,-29,-39,-51,-70,-75,-77,-56,-74,-78,-81,-59,-75,-82,-85,-61,-76,-81,-84
0,-8,-21,-31,-41,-52,-71,-77,-78,-56,-74,-77,-79,-58,-73,-77,-80,-60,-72,-75,-77
0,-13,-29,-40,-51,-66,-88,-93,-94,-69,-89,-93,-94,-69,-85,-89,-91,-68,-80,-84,-86
0,-26,-48,-61,-72,-98,-122,-124,-122,-92,-118,-114,-109,-83,-102,-97,-92,-75,-88,-87,-85
0,-34,-58,-74,-89,-96,-126,-135,-139,-88,-116,-113,-111,-79,-105,-100,-94,-73,-93,-94,-94
0,-26,-50,-72,-94,-57,-87,-103,-111,-59,-84,-89,-94,-63,-85,-82,-81,-69,-85,-83,-82
0,-29,-53,-74,-92,-42,-79,-98,-108,-44,-80,-86,-87,-50,-83,-75,-64,-59,-77,-69,-61
0,-37,-65,-90,-111,-44,-90,-113,-121,-41,-85,-93,-91,-45,-84,-74,-59,-52,-74,-66,-54
0,-39,-65,-90,-112,-46,-89,-113,-122,-44,-88,-103,-104,-47,-87,-88,-79,-53,-80,-81,-74
0,-38,-64,-89,-110,-45,-87,-110,-118,-42,-86,-101,-102,-45,-85,-86,-77,-51,-78,-79,-72
0,-40,-66,-89,-110,-46,-87,-111,-120,-43,-85,-102,-106,-45,-84,-90,-84,-50,-79,-84,-80
0,-40,-67,-91,-112,-46,-91,-114,-122,-43,-89,-103,-103,-45,-88,-88,-78,-50,-80,-82,-75
0,-40,-66,-89,-107,-47,-91,-112,-119,-43,-87,-97,-95,-45,-86,-81,-68,-49,-76,-73,-63
0,-48,-73,-93,-106,-41,-85,-104,-111,-35,-84,-91,-83,-37,-85,-76,-57,-43,-75,-71,-58
0,-56,-91,-120,-147,-63,-114,-145,-159,-54,-103,-125,-130,-53,-96,-108,-106,-55,-83,-91,-90
0,-51,-80,-104,-124,-53,-95,-120,-131,-45,-87,-105,-107,-43,-79,-88,-85,-45,-69,-76,-74
0,-61,-93,-118,-138,-63,-108,-135,-148,-52,-100,-124,-132,-49,-91,-106,-108,-49,-79,-90,-93
0,-59,-91,-116,-138,-61,-106,-133,-147,-52,-98,-122,-132,-49,-91,-106,-108,-51,-80,-91,-94
0,-59,-91,-117,-136,-58,-105,-133,-145,-48,-96,-119,-125,-45,-90,-101,-99,-46,-80,-87,-86
0,-57,-90,-117,-138,-58,-107,-134,-146,-48,-100,-122,-126,-46,-93,-103,-99,-48,-82,-90,-87
0,-54,-86,-113,-134,-57,-105,-131,-143,-49,-99,-120,-124,-48,-93,-103,-100,-50,-84,-91,-89
0,-61,-99,-131,-157,-76,-133,-166,-181,-68,-123,-148,-157,-67,-121,-140,-145,-70,-116,-134,-140
0,-68,-107,-137,-161,-75,-129,-158,-171,-61,-119,-142,-147,-54,-110,-121,-118,-51,-97,-107,-104
0,-74,-112,-137,-161,-94,-143,-168,-178,-75,-122,-141,-147,-61,-121,-134,-128,-51,-107,-117,-112
0,-81,-118,-142,-164,-91,-140,-172,-187,-67,-110,-135,-145,-49,-96,-114,-118,-37,-79,-91,-92
0,-10,-21,-27,-33,-43,-51,-49,-47,-40,-42,-30,-22,-36,-38,-22,-14,-32,-30,-16,-6
0,-4,-15,-24,-31,-43,-62,-64,-62,-49,-58,-48,-42,-53,-59,-39,-25,-57,-56,-37,-22
0,-19,-44,-64,-81,-95,-125,-132,-135,-101,-141,-137,-128,-102,-131,-111,-93,-104,-122,-112,-102
0,-23,-51,-75,-99,-90,-122,-134,-140,-95,-126,-119,-112,-98,-121,-97,-80,-103,-117,-102,-90
0,-22,-41,-59,-78,-52,-84,-106,-120,-58,-88,-98,-107,-65,-95,-92,-89,-75,-96,-89,-84
0,-73,-127,-172,-215,-113,-167,-201,-221,-100,-141,-162,-177,-94,-128,-145,-158,-92,-118,-129,-138
0,-66,-113,-151,-191,-117,-165,-195,-216,-110,-151,-179,-201,-106,-143,-170,-189,-106,-141,-162,-177
0,-58,-102,-139,-178,-115,-161,-189,-209,-113,-152,-179,-201,-111,-149,-175,-196,-113,-151,-172,-187
0,-19,-42,-66,-92,-57,-91,-120,-136,-62,-85,-99,-112,-65,-92,-97,-98,-70,-93,-91,-87
0,-1,-7,-13,-21,-33,-47,-54,-58,-41,-53,-58,-63,-48,-62,-71,-80,-53,-68,-76,-83
0,-7,-15,-21,-27,-41,-59,-66,-69,-46,-60,-67,-74,-50,-65,-78,-87,-52,-70,-80,-87
0,-7,-15,-19,-25,-55,-71,-75,-78,-59,-77,-84,-91,-61,-81,-97,-107,-60,-86,-102,-111
0,-11,-22,-30,-42,-40,-56,-65,-73,-46,-58,-70,-83,-51,-68,-84,-99,-55,-74,-85,-96
0,-27,-52,-73,-96,-80,-118,-144,-160,-85,-124,-145,-162,-89,-131,-145,-152,-93,-129,-136,-140
0,-20,-44,-62,-83,-82,-109,-122,-129,-85,-107,-115,-125,-86,-106,-111,-116,-88,-105,-107,-111
0,-20,-40,-58,-76,-49,-70,-82,-91,-50,-78,-86,-88,-51,-75,-72,-66,-54,-71,-69,-65
0,-19,-37,-55,-73,-39,-63,-78,-87,-42,-69,-80,-84,-45,-71,-73,-69,-49,-68,-67,-63
0,-29,-51,-71,-89,-41,-66,-80,-87,-39,-69,-79,-81,-40,-73,-76,-70,-42,-66,-67,-61
0,-29,-58,-87,-116,-49,-82,-102,-111,-52,-88,-97,-97,-59,-90,-87,-80,-68,-93,-90,-82
0,-11,-25,-41,-60,-28,-49,-66,-77,-37,-48,-60,-73,-47,-65,-84,-98,-58,-76,-84,-91
0,-13,-28,-45,-63,-24,-52,-76,-89,-33,-49,-63,-76,-45,-65,-79,-90,-57,-73,-77,-82
0,-13,-24,-35,-46,-18,-41,-60,-72,-23,-35,-47,-59,-33,-51,-64,-74,-42,-58,-62,-67
0,-17,-28,-38,-48,-25,-52,-72,-83,-28,-45,-59,-70,-35,-59,-74,-84,-42,-63,-72,-77
0,-3,-8,-13,-19,-6,-19,-29,-34,-14,-30,-40,-46,-23,-43,-57,-65,-31,-46,-53,-59
0,-2,-6,-12,-18,-9,-22,-32,-37,-17,-37,-49,-54,-27,-48,-64,-73,-34,-50,-58,-64
0,4,3,0,-4,5,-4,-11,-16,-5,-22,-32,-37,-16,-32,-43,-49,-26,-36,-41,-44
0,1,-2,-7,-13,0,-9,-18,-24,-8,-33,-43,-44,-19,-38,-47,-50,-29,-40,-44,-46
0,4,1,-4,-11,7,-1,-10,-16,-4,-28,-40,-42,-17,-35,-43,-46,-29,-37,-39,-41
0,9,6,-1,-8,12,4,-3,-9,-2,-25,-38,-40,-18,-35,-43,-46,-32,-41,-43,-44
0,7,4,-3,-10,9,0,-9,-15,-4,-26,-38,-40,-19,-35,-43,-45,-33,-42,-44,-45
0,4,4,0,-4,21,18,13,7,8,2,-4,-8,-7,-19,-20,-18,-24,-35,-38,-38
0,-2,-14,-26,-39,-36,-56,-70,-80,-49,-70,-86,-97,-60,-85,-102,-112,-70,-95,-105,-112
0,-5,-19,-33,-48,-38,-59,-72,-81,-47,-69,-82,-91,-55,-76,-89,-96,-62,-81,-89,-94
0,-6,-19,-32,-45,-42,-60,-68,-73,-48,-72,-82,-88,-53,-76,-83,-86,-57,-72,-75,-76
0,-1,-10,-16,-25,-33,-44,-48,-51,-38,-52,-58,-64,-41,-58,-65,-69,-41,-55,-57,-60
0,-1,-10,-17,-27,-35,-48,-55,-59,-40,-55,-61,-67,-43,-60,-65,-67,-43,-55,-55,-55
0,-10,-26,-38,-50,-51,-71,-82,-88,-52,-70,-77,-83,-50,-61,-53,-47,-48,-52,-42,-35
0,-20,-33,-40,-44,-57,-85,-103,-111,-52,-72,-80,-86,-45,-56,-48,-40,-40,-42,-34,-27
0,-28,-42,-46,-45,-77,-109,-128,-139,-64,-83,-90,-97,-49,-55,-45,-38,-38,-39,-33,-27
0,-42,-64,-69,-71,-106,-138,-154,-162,-85,-105,-106,-109,-63,-73,-67,-63,-45,-51,-49,-48
0,-44,-69,-81,-92,-89,-119,-136,-147,-72,-97,-107,-115,-54,-77,-85,-89,-39,-59,-67,-71
0,-61,-99,-126,-150,-99,-143,-168,-184,-85,-138,-165,-178,-73,-121,-125,-120,-65,-97,-97,-93
0,-50,-83,-106,-128,-84,-121,-145,-162,-74,-117,-143,-157,-65,-103,-108,-107,-59,-84,-81,-76
0,-52,-79,-95,-109,-63,-95,-118,-132,-48,-75,-94,-106,-37,-64,-76,-83,-30,-50,-55,-58
0,-55,-89,-112,-133,-86,-122,-144,-159,-72,-116,-140,-154,-61,-108,-125,-130,-52,-92,-104,-106
0,-31,-61,-88,-114,-62,-103,-135,-158,-68,-119,-150,-166,-75,-117,-140,-152,-84,-114,-125,-132
0,-38,-72,-98,-124,-82,-125,-158,-183,-84,-135,-169,-191,-85,-126,-149,-165,-88,-122,-134,-143
0,-36,-71,-99,-126,-82,-126,-159,-182,-84,-133,-163,-184,-87,-129,-148,-160,-92,-125,-135,-143
0,-47,-88,-121,-154,-108,-156,-192,-218,-105,-170,-208,-232,-101,-151,-168,-179,-99,-137,-148,-156
0,-10,-21,-35,-48,-5,-22,-34,-42,-13,-41,-54,-57,-26,-50,-63,-68,-38,-52,-56,-58
0,-2,-4,-11,-18,4,-13,-21,-21,-3,-34,-47,-48,-13,-49,-58,-51,-23,-45,-51,-49
0,-7,-13,-21,-29,-12,-26,-32,-34,-18,-42,-53,-56,-25,-51,-62,-63,-32,-51,-59,-62
0,-14,-24,-36,-47,-17,-43,-56,-59,-20,-59,-73,-74,-25,-63,-73,-67,-31,-53,-60,-60
0,-12,-24,-38,-52,-18,-42,-59,-65,-23,-54,-69,-74,-30,-62,-70,-66,-37,-55,-56,-52
0,-8,-18,-28,-37,-12,-23,-35,-43,-17,-26,-40,-50,-22,-32,-38,-42,-28,-36,-35,-34
0,-6,-12,-18,-22,-4,-15,-26,-33,-10,-24,-35,-43,-16,-33,-38,-39,-22,-36,-38,-38
0,-5,-12,-19,-23,-6,-15,-23,-29,-11,-22,-32,-38,-15,-28,-33,-35,-20,-30,-32,-33
0,-4,-10,-16,-19,-8,-17,-24,-27,-13,-26,-34,-39,-18,-34,-40,-41,-23,-34,-38,-39
0,-4,-11,-19,-23,-12,-23,-28,-30,-17,-32,-39,-43,-22,-37,-41,-43,-26,-38,-42,-44
0,-6,-13,-18,-21,-15,-23,-27,-29,-17,-31,-36,-40,-20,-35,-39,-41,-23,-35,-40,-42
0,-6,-12,-17,-18,-13,-24,-29,-32,-17,-27,-26,-25,-23,-35,-29,-25,-30,-43,-43,-42
0,-9,-14,-18,-18,-11,-26,-32,-35,-15,-27,-26,-26,-20,-35,-30,-26,-27,-40,-41,-38
0,-9,-15,-19,-19,-11,-28,-37,-42,-15,-29,-30,-31,-21,-38,-33,-28,-29,-43,-42,-39
0,-13,-20,-26,-28,-18,-37,-45,-48,-21,-37,-37,-36,-26,-45,-39,-32,-33,-48,-47,-43
0,-17,-27,-35,-40,-32,-56,-61,-60,-33,-53,-49,-45,-36,-58,-49,-40,-41,-57,-55,-50
0,-21,-32,-43,-53,-20,-40,-52,-60,-24,-44,-47,-47,-31,-51,-42,-33,-42,-64,-64,-58
0,-23,-40,-56,-71,-42,-66,-82,-95,-45,-71,-77,-79,-50,-74,-65,-57,-59,-86,-87,-82
0,-23,-40,-54,-67,-43,-69,-87,-100,-43,-64,-63,-61,-46,-63,-45,-29,-54,-77,-74,-64
0,-26,-49,-71,-90,-52,-82,-101,-115,-53,-79,-78,-74,-57,-77,-56,-39,-66,-90,-85,-74
0,-26,-44,-61,-76,-46,-73,-93,-108,-47,-71,-74,-75,-50,-66,-49,-36,-58,-78,-72,-63
0,-27,-49,-68,-86,-52,-81,-103,-119,-52,-77,-80,-81,-55,-73,-56,-43,-63,-83,-77,-68
0,-28,-56,-82,-109,-56,-94,-122,-139,-60,-101,-114,-118,-66,-99,-92,-84,-76,-97,-91,-84
0,-27,-51,-74,-96,-51,-86,-113,-129,-54,-88,-98,-103,-59,-84,-75,-66,-68,-87,-82,-74
0,-32,-59,-84,-108,-57,-97,-127,-145,-58,-97,-110,-115,-63,-94,-84,-74,-71,-92,-84,-75
0,-35,-61,-83,-103,-63,-99,-126,-143,-62,-95,-106,-113,-64,-92,-85,-79,-70,-96,-96,-93
0,-30,-52,-74,-95,-36,-71,-96,-110,-38,-80,-95,-99,-44,-81,-78,-70,-53,-75,-68,-61
0,-34,-57,-79,-98,-35,-74,-99,-113,-35,-74,-86,-88,-40,-75,-69,-59,-48,-70,-64,-55
0,-32,-56,-78,-98,-35,-71,-98,-113,-35,-69,-80,-85,-39,-71,-64,-55,-47,-67,-59,-49
0,-33,-54,-74,-91,-33,-69,-95,-110,-32,-68,-81,-86,-36,-72,-68,-59,-43,-68,-63,-55
0,-24,-42,-58,-74,-25,-48,-65,-74,-25,-50,-58,-61,-28,-53,-48,-41,-34,-50,-45,-38
0,-43,-73,-96,-118,-64,-98,-119,-133,-58,-100,-109,-108,-55,-96,-91,-79,-56,-84,-80,-71
0,-42,-72,-97,-121,-63,-98,-124,-142,-59,-100,-114,-120,-58,-97,-94,-86,-60,-88,-85,-78
0,-27,-49,-68,-87,-51,-74,-95,-111,-50,-67,-77,-88,-50,-66,-64,-65,-54,-68,-65,-64
0,-18,-34,-49,-64,-55,-83,-102,-116,-62,-94,-102,-106,-69,-96,-88,-81,-77,-99,-94,-88
0,-16,-36,-54,-73,-63,-91,-108,-121,-71,-101,-106,-109,-78,-101,-93,-85,-86,-106,-101,-94
0,-16,-37,-55,-76,-73,-101,-118,-130,-80,-111,-118,-124,-85,-110,-103,-98,-91,-110,-106,-101
0,-14,-34,-51,-71,-86,-118,-137,-151,-92,-125,-133,-140,-95,-120,-108,-99,-98,-120,-115,-109
0,-13,-28,-39,-53,-69,-97,-111,-120,-76,-103,-111,-118,-80,-108,-105,-100,-83,-109,-108,-105
0,-15,-31,-43,-57,-79,-107,-121,-131,-85,-122,-143,-160,-87,-124,-140,-151,-86,-116,-126,-132
0,-16,-35,-49,-66,-84,-117,-135,-148,-92,-133,-157,-176,-95,-136,-153,-164,-96,-129,-138,-145
0,-11,-25,-36,-49,-70,-98,-112,-122,-79,-114,-135,-151,-83,-118,-134,-144,-86,-114,-123,-130
0,-10,-23,-33,-45,-65,-91,-105,-114,-73,-106,-123,-136,-78,-110,-121,-127,-82,-108,-113,-114
0,-10,-24,-36,-51,-69,-100,-117,-130,-81,-116,-136,-153,-88,-122,-138,-149,-95,-125,-136,-143
0,-10,-24,-34,-46,-73,-103,-121,-134,-81,-114,-130,-145,-85,-115,-126,-135,-88,-115,-125,-132
0,-8,-21,-31,-43,-70,-99,-115,-127,-80,-111,-128,-143,-87,-118,-135,-149,-92,-122,-135,-145
0,-9,-23,-33,-46,-76,-106,-123,-135,-87,-120,-138,-153,-94,-128,-147,-161,-100,-132,-144,-153
0,-9,-23,-34,-47,-74,-105,-122,-135,-85,-118,-137,-153,-94,-128,-148,-164,-100,-133,-148,-158
0,-10,-25,-36,-49,-77,-110,-129,-142,-87,-120,-137,-151,-93,-125,-142,-156,-98,-128,-141,-151
0,-11,-27,-39,-54,-84,-120,-140,-154,-93,-130,-148,-164,-99,-133,-150,-163,-103,-133,-148,-158
0,-11,-27,-37,-51,-88,-123,-143,-157,-96,-134,-153,-170,-100,-136,-155,-169,-102,-135,-152,-164
0,-12,-29,-42,-56,-88,-123,-142,-156,-97,-136,-154,-169,-103,-139,-155,-167,-106,-138,-152,-162
0,-11,-26,-36,-48,-86,-117,-132,-143,-93,-129,-148,-164,-95,-128,-146,-160,-95,-123,-137,-149
0,-13,-32,-48,-65,-75,-107,-123,-134,-81,-120,-141,-156,-83,-121,-135,-143,-84,-111,-120,-125
0,-20,-37,-47,-59,-79,-108,-122,-131,-79,-116,-134,-149,-76,-112,-127,-135,-71,-99,-112,-120
0,-24,-44,-57,-70,-92,-124,-141,-152,-91,-133,-158,-178,-86,-127,-147,-159,-79,-109,-125,-136
0,-19,-34,-43,-54,-75,-100,-112,-120,-76,-110,-126,-139,-75,-110,-125,-134,-73,-100,-114,-123
0,-17,-32,-43,-55,-71,-97,-108,-116,-74,-106,-119,-130,-74,-107,-120,-127,-73,-100,-111,-119
0,-21,-40,-52,-66,-85,-117,-132,-142,-85,-124,-138,-149,-83,-122,-133,-139,-80,-108,-118,-124
0,-19,-34,-43,-53,-82,-111,-123,-131,-80,-111,-124,-136,-74,-105,-118,-125,-67,-91,-103,-110
0,-19,-35,-46,-59,-84,-114,-127,-137,-83,-116,-134,-149,-80,-113,-129,-139,-75,-100,-113,-123
0,-15,-35,-49,-64,-92,-125,-141,-152,-95,-134,-156,-173,-93,-129,-147,-158,-88,-116,-131,-141
0,-17,-37,-50,-64,-95,-129,-147,-158,-96,-134,-152,-167,-92,-127,-140,-147,-87,-115,-125,-132
0,-16,-36,-50,-65,-93,-127,-145,-157,-94,-132,-152,-167,-91,-124,-137,-144,-85,-111,-121,-127
0,-16,-37,-51,-67,-94,-128,-144,-155,-96,-134,-153,-168,-93,-126,-137,-144,-87,-113,-121,-127
0,-19,-39,-53,-68,-95,-129,-146,-158,-95,-136,-159,-177,-91,-127,-144,-153,-85,-113,-126,-134
0,-16,-35,-48,-63,-88,-120,-136,-146,-91,-127,-146,-162,-90,-125,-144,-156,-87,-118,-133,-142
0,-15,-34,-46,-61,-88,-120,-136,-147,-91,-124,-141,-156,-90,-122,-139,-151,-86,-115,-129,-139
0,-12,-26,-36,-47,-69,-97,-111,-121,-74,-101,-116,-129,-75,-106,-122,-133,-74,-102,-113,-120
0,-14,-32,-45,-61,-81,-112,-128,-139,-87,-119,-136,-151,-89,-124,-142,-155,-89,-121,-134,-143
0,-14,-33,-46,-61,-84,-115,-131,-140,-88,-126,-146,-162,-89,-126,-145,-156,-87,-118,-133,-142
0,-14,-32,-45,-59,-80,-110,-125,-134,-83,-116,-133,-148,-83,-114,-132,-144,-80,-107,-120,-130
0,-15,-33,-46,-61,-82,-114,-129,-139,-85,-121,-139,-154,-85,-118,-135,-145,-83,-109,-121,-129
0,-13,-30,-43,-58,-79,-111,-127,-137,-83,-116,-133,-148,-83,-114,-129,-138,-81,-105,-117,-124
0,-13,-30,-44,-59,-79,-106,-116,-122,-83,-115,-129,-140,-84,-113,-129,-138,-82,-108,-121,-129
0,-13,-31,-43,-58,-77,-101,-109,-114,-79,-106,-115,-123,-79,-102,-111,-117,-77,-99,-107,-113
0,-18,-41,-57,-76,-93,-123,-133,-139,-94,-126,-135,-143,-92,-120,-128,-133,-88,-114,-123,-128
0,-19,-43,-59,-78,-93,-122,-133,-139,-94,-125,-135,-142,-92,-120,-128,-132,-89,-114,-123,-128
0,-19,-43,-61,-80,-93,-122,-133,-139,-94,-125,-134,-141,-93,-120,-127,-131,-90,-115,-124,-128
0,-21,-47,-65,-87,-99,-130,-142,-149,-100,-133,-142,-150,-98,-127,-134,-139,-94,-121,-131,-136
0,-15,-36,-51,-70,-85,-112,-124,-131,-88,-115,-124,-132,-89,-112,-119,-123,-88,-110,-118,-122
0,-13,-34,-51,-70,-85,-113,-124,-131,-89,-118,-126,-134,-91,-115,-122,-126,-90,-113,-121,-125
0,-13,-34,-50,-69,-82,-109,-120,-127,-86,-113,-122,-130,-87,-110,-117,-122,-86,-108,-115,-119
0,-14,-35,-51,-70,-83,-110,-121,-128,-87,-114,-123,-132,-88,-111,-119,-124,-87,-110,-118,-123
0,-13,-33,-49,-68,-81,-108,-119,-126,-86,-113,-123,-131,-87,-111,-119,-124,-87,-110,-118,-122
0,-16,-35,-50,-67,-82,-109,-121,-128,-84,-112,-123,-131,-84,-109,-118,-124,-83,-107,-116,-122
0,-15,-31,-42,-56,-66,-95,-110,-120,-70,-98,-111,-121,-73,-102,-110,-116,-75,-101,-109,-113
0,-15,-34,-46,-61,-81,-114,-130,-140,-85,-115,-127,-138,-86,-115,-124,-130,-86,-112,-120,-125
0,-20,-42,-58,-77,-97,-134,-152,-163,-99,-135,-150,-162,-96,-127,-136,-141,-93,-119,-128,-133
0,-17,-38,-52,-69,-89,-122,-138,-147,-91,-124,-136,-145,-90,-119,-126,-130,-88,-112,-119,-123
0,-18,-37,-50,-64,-85,-116,-130,-139,-86,-122,-133,-141,-84,-115,-124,-129,-81,-105,-114,-120
0,-19,-37,-49,-61,-85,-117,-131,-141,-87,-125,-138,-149,-84,-116,-124,-130,-81,-106,-116,-123
0,-15,-30,-41,-53,-79,-109,-123,-132,-82,-113,-125,-136,-82,-109,-116,-122,-81,-105,-115,-122
0,-14,-30,-42,-57,-82,-114,-130,-141,-88,-120,-138,-154,-90,-120,-136,-147,-90,-120,-134,-144
0,-16,-30,-41,-53,-67,-93,-105,-113,-71,-96,-109,-120,-73,-96,-108,-117,-73,-96,-106,-113
0,-14,-32,-46,-63,-80,-112,-127,-137,-86,-118,-133,-146,-89,-121,-134,-143,-91,-119,-131,-139
0,-13,-31,-45,-61,-82,-114,-128,-138,-88,-122,-138,-152,-90,-123,-136,-145,-91,-119,-132,-141
0,-15,-34,-48,-64,-86,-117,-130,-139,-90,-127,-143,-156,-91,-125,-137,-145,-90,-120,-132,-140
0,-14,-31,-45,-61,-82,-112,-126,-135,-87,-122,-138,-151,-90,-122,-135,-144,-90,-118,-132,-141
0,-13,-30,-42,-57,-82,-112,-125,-134,-87,-121,-137,-151,-89,-120,-133,-142,-89,-116,-129,-137
0,-13,-31,-45,-61,-85,-115,-128,-136,-90,-122,-136,-147,-91,-119,-130,-138,-91,-116,-127,-135
0,-18,-35,-47,-62,-82,-109,-120,-127,-85,-115,-128,-139,-85,-114,-125,-134,-84,-111,-123,-131
0,-12,-32,-49,-68,-85,-116,-130,-138,-93,-131,-148,-161,-96,-131,-143,-150,-97,-124,-132,-137
0,-13,-31,-45,-61,-82,-109,-118,-124,-88,-120,-134,-145,-89,-119,-132,-140,-88,-114,-125,-131
0,-12,-31,-46,-63,-81,-110,-122,-131,-87,-119,-132,-143,-91,-121,-133,-141,-93,-120,-131,-138
0,-10,-28,-41,-58,-74,-101,-114,-122,-81,-108,-120,-130,-85,-111,-124,-134,-87,-113,-126,-134
0,-13,-28,-38,-52,-73,-98,-109,-116,-79,-105,-116,-127,-82,-107,-119,-129,-83,-109,-122,-131
0,-14,-29,-40,-53,-76,-102,-112,-119,-81,-108,-119,-131,-84,-110,-123,-135,-85,-112,-126,-136
0,-5,-20,-31,-47,-71,-102,-119,-130,-85,-116,-134,-149,-96,-130,-149,-162,-103,-137,-150,-159
0,-10,-25,-37,-52,-55,-80,-95,-105,-64,-87,-100,-112,-72,-98,-109,-117,-77,-103,-110,-115
0,-19,-39,-52,-68,-72,-101,-117,-127,-76,-103,-115,-126,-78,-105,-112,-118,-80,-107,-116,-122
0,-17,-35,-49,-65,-62,-88,-102,-112,-67,-92,-103,-114,-71,-97,-102,-106,-74,-98,-105,-109
0,-21,-44,-62,-82,-73,-101,-115,-124,-76,-104,-116,-128,-78,-106,-111,-114,-79,-105,-111,-115
0,-15,-33,-48,-65,-58,-85,-100,-111,-64,-89,-99,-110,-69,-94,-99,-102,-73,-97,-103,-106
0,-17,-38,-54,-73,-66,-93,-106,-114,-71,-96,-106,-116,-74,-100,-102,-104,-76,-101,-105,-108
0,-12,-28,-41,-59,-60,-87,-107,-123,-71,-97,-116,-134,-79,-112,-129,-144,-87,-123,-135,-144
0,-14,-30,-43,-60,-60,-85,-102,-116,-68,-93,-112,-130,-75,-108,-128,-144,-80,-115,-128,-137
0,-18,-35,-47,-62,-78,-107,-125,-139,-83,-114,-130,-145,-85,-116,-129,-140,-86,-120,-133,-141
0,-21,-40,-54,-72,-80,-110,-126,-139,-85,-118,-132,-145,-87,-119,-128,-136,-90,-120,-130,-136
0,-13,-27,-40,-55,-58,-84,-99,-110,-66,-93,-106,-118,-74,-99,-106,-113,-81,-104,-110,-115
0,-14,-29,-42,-57,-52,-80,-98,-110,-59,-84,-96,-108,-66,-91,-97,-102,-73,-96,-101,-104
0,-15,-30,-42,-56,-59,-85,-100,-111,-67,-95,-110,-124,-73,-102,-114,-123,-79,-105,-115,-122
0,-11,-27,-42,-60,-50,-77,-94,-106,-59,-84,-97,-110,-68,-92,-102,-109,-76,-99,-105,-109
0,-14,-30,-46,-64,-60,-93,-113,-126,-68,-99,-112,-124,-77,-105,-113,-119,-85,-111,-118,-122
0,-12,-30,-45,-64,-63,-95,-114,-125,-72,-103,-116,-126,-80,-108,-116,-121,-87,-112,-118,-121
0,-9,-22,-33,-43,-52,-80,-95,-103,-57,-85,-97,-107,-60,-84,-92,-96,-62,-79,-85,-88
0,-11,-23,-32,-42,-52,-79,-93,-99,-57,-83,-95,-103,-61,-87,-95,-98,-65,-84,-89,-90
0,-8,-21,-31,-42,-50,-72,-82,-87,-56,-80,-89,-95,-59,-83,-88,-89,-62,-79,-82,-82
0,-10,-28,-44,-62,-63,-86,-98,-106,-69,-91,-101,-109,-71,-93,-98,-101,-72,-91,-95,-97
0,-13,-33,-48,-66,-68,-94,-106,-114,-73,-98,-109,-118,-75,-100,-105,-108,-75,-97,-102,-105
0,-16,-36,-51,-70,-74,-100,-115,-124,-77,-103,-113,-122,-77,-100,-105,-107,-76,-96,-99,-100
0,-13,-32,-45,-62,-69,-91,-99,-105,-72,-90,-94,-98,-71,-87,-86,-86,-70,-86,-87,-87
0,-15,-36,-51,-70,-75,-99,-109,-116,-78,-99,-103,-109,-78,-94,-94,-96,-77,-95,-96,-97
0,-15,-30,-43,-57,-42,-67,-82,-91,-48,-71,-78,-85,-54,-78,-81,-82,-62,-77,-78,-79
0,-8,-24,-39,-55,-48,-71,-83,-92,-58,-78,-83,-89,-67,-86,-87,-89,-76,-88,-87,-88
0,-13,-32,-50,-69,-64,-94,-109,-119,-73,-100,-107,-113,-81,-104,-105,-105,-90,-103,-102,-102
0,-6,-23,-38,-54,-54,-78,-90,-96,-63,-84,-87,-89,-71,-85,-83,-81,-78,-84,-80,-77
0,-1,-12,-24,-38,-36,-57,-69,-76,-48,-67,-73,-78,-59,-75,-77,-78,-70,-79,-79,-79
0,-2,-14,-27,-42,-37,-63,-80,-89,-50,-74,-84,-92,-62,-84,-89,-92,-75,-89,-90,-90
0,-8,-24,-40,-56,-49,-76,-91,-101,-60,-85,-93,-100,-70,-91,-93,-95,-81,-93,-92,-92
0,-9,-27,-46,-64,-46,-74,-91,-102,-58,-83,-93,-101,-70,-92,-96,-99,-82,-97,-96,-96
0,-25,-50,-73,-97,-56,-89,-110,-123,-60,-94,-108,-114,-64,-95,-96,-93,-71,-93,-92,-87
0,-35,-67,-95,-123,-83,-124,-149,-162,-82,-125,-144,-153,-81,-119,-126,-124,-82,-106,-102,-96
0,-36,-68,-97,-129,-75,-115,-146,-165,-75,-119,-147,-163,-74,-112,-125,-129,-75,-96,-94,-92
0,-55,-97,-129,-162,-117,-161,-187,-204,-104,-146,-165,-178,-90,-121,-121,-121,-80,-104,-102,-99
0,-28,-50,-69,-88,-59,-92,-112,-123,-64,-89,-106,-122,-71,-102,-121,-137,-78,-102,-112,-122
0,-2,-8,-18,-28,5,-4,-10,-17,-7,-49,-65,-65,-24,-56,-69,-72,-39,-55,-60,-62
0,-11,-20,-30,-41,-16,-39,-49,-54,-24,-67,-81,-80,-35,-74,-86,-85,-44,-67,-74,-76
0,-10,-14,-20,-23,-13,-38,-47,-49,-17,-50,-60,-62,-24,-59,-65,-60,-31,-55,-64,-66
0,-5,-8,-13,-19,-3,-23,-35,-39,-11,-44,-64,-70,-20,-56,-70,-70,-28,-52,-61,-63
0,-3,-6,-13,-17,9,-8,-21,-27,-1,-29,-46,-52,-14,-42,-50,-47,-28,-47,-52,-51
0,-1,-2,-8,-12,16,-4,-18,-24,5,-22,-37,-41,-8,-37,-46,-43,-23,-40,-46,-44
0,-3,-4,-11,-16,15,-3,-18,-26,5,-23,-39,-45,-9,-40,-46,-42,-23,-43,-47,-46
0,-4,-10,-20,-28,12,-9,-26,-34,2,-25,-39,-42,-10,-38,-42,-35,-24,-40,-42,-38
0,0,-1,-10,-16,16,-2,-18,-26,4,-18,-33,-39,-11,-36,-42,-40,-26,-42,-43,-40
0,0,-6,-17,-25,18,-1,-19,-27,6,-14,-24,-26,-8,-26,-22,-15,-25,-35,-30,-24
0,6,0,-12,-22,20,-1,-18,-27,4,-19,-29,-31,-15,-33,-28,-20,-35,-47,-44,-38
0,-3,-9,-20,-27,14,-8,-24,-31,4,-20,-26,-24,-8,-31,-23,-11,-24,-36,-28,-18
0,-2,-5,-12,-16,13,-12,-23,-26,3,-24,-26,-18,-12,-38,-25,-6,-28,-38,-24,-8
0,-5,-8,-16,-20,10,-15,-25,-27,1,-26,-28,-20,-12,-38,-26,-8,-26,-37,-23,-9
0,-10,-17,-28,-35,1,-24,-38,-43,-6,-35,-42,-38,-18,-43,-38,-26,-32,-43,-35,-26
0,-12,-20,-33,-42,1,-24,-39,-45,-4,-34,-42,-39,-16,-42,-37,-26,-29,-41,-35,-26
0,-12,-21,-33,-42,4,-23,-38,-43,-1,-32,-38,-33,-13,-41,-33,-18,-27,-38,-29,-17
0,-8,-14,-23,-28,7,-18,-30,-34,0,-27,-30,-24,-12,-37,-26,-10,-25,-35,-23,-10
0,-9,-16,-26,-31,5,-20,-31,-34,-1,-28,-31,-24,-13,-38,-27,-11,-26,-36,-24,-12
0,-7,-13,-22,-27,8,-16,-27,-30,0,-25,-28,-21,-12,-36,-25,-10,-25,-35,-23,-10
0,-9,-16,-25,-31,5,-19,-30,-33,0,-27,-29,-22,-12,-36,-26,-10,-25,-35,-24,-11
0,-9,-15,-24,-29,6,-18,-28,-31,0,-25,-27,-20,-11,-36,-25,-9,-25,-35,-24,-11
0,-10,-16,-25,-30,8,-16,-27,-30,1,-24,-26,-20,-10,-35,-25,-9,-23,-34,-23,-11
0,-9,-14,-23,-28,9,-15,-26,-29,1,-24,-26,-19,-10,-35,-25,-8,-23,-35,-23,-10
0,-10,-16,-26,-32,7,-19,-30,-33,0,-26,-28,-20,-12,-38,-26,-10,-26,-37,-26,-12
0,-10,-13,-20,-22,8,-16,-29,-34,2,-22,-25,-20,-9,-32,-24,-10,-22,-35,-28,-19
0,-13,-18,-27,-32,5,-21,-37,-42,0,-28,-35,-31,-11,-35,-32,-21,-24,-38,-36,-30
0,-17,-27,-40,-49,-4,-35,-56,-64,-8,-40,-52,-52,-18,-42,-46,-41,-30,-44,-48,-46
0,-8,-19,-33,-45,5,-25,-51,-63,-1,-31,-48,-53,-13,-35,-42,-41,-27,-40,-45,-46
0,-10,-18,-29,-37,1,-26,-50,-61,-5,-29,-45,-52,-17,-39,-50,-53,-30,-45,-51,-54
0,-3,-8,-17,-25,4,-14,-31,-40,-3,-19,-33,-42,-14,-30,-43,-51,-25,-35,-41,-45
0,0,-3,-9,-16,6,-11,-26,-34,-3,-19,-32,-40,-14,-31,-44,-52,-26,-35,-41,-46
0,3,2,-2,-8,14,1,-11,-16,6,-10,-23,-29,-2,-17,-25,-27,-11,-19,-23,-24
0,6,9,5,1,28,19,10,6,19,3,-10,-15,8,-7,-15,-14,-1,-8,-8,-6
0,0,-3,-12,-20,16,6,-5,-11,9,-5,-18,-23,0,-15,-23,-23,-8,-17,-18,-17
0,1,1,-3,-7,19,8,-2,-7,13,1,-7,-10,4,-6,-9,-7,-4,-10,-9,-6
0,0,-3,-10,-16,10,-4,-14,-17,4,-12,-18,-17,-4,-19,-19,-13,-13,-22,-20,-14
0,-4,-6,-9,-10,0,-10,-17,-21,-2,-11,-14,-14,-7,-14,-13,-11,-13,-18,-18,-17
0,-2,-5,-9,-14,4,-9,-23,-30,-2,-10,-17,-22,-11,-19,-23,-26,-21,-28,-30,-31
0,-4,-8,-14,-20,2,-12,-26,-34,-4,-13,-22,-27,-13,-22,-29,-32,-24,-31,-34,-35
0,-1,-8,-17,-27,-10,-26,-36,-41,-19,-33,-42,-46,-29,-43,-48,-48,-39,-47,-47,-45
0,0,-6,-15,-23,-16,-31,-39,-43,-25,-40,-46,-48,-33,-49,-52,-51,-40,-51,-51,-50
0,0,-5,-12,-20,-11,-28,-38,-43,-18,-33,-40,-43,-25,-40,-40,-38,-32,-42,-40,-36
0,-4,-9,-14,-20,-12,-28,-40,-45,-16,-30,-36,-40,-22,-35,-34,-31,-27,-37,-34,-29
0,-10,-20,-29,-38,-17,-37,-49,-54,-20,-38,-44,-46,-24,-40,-38,-33,-29,-41,-39,-35
0,-9,-14,-20,-24,-7,-25,-37,-43,-11,-27,-30,-31,-18,-35,-31,-26,-25,-37,-35,-30
0,-10,-13,-17,-19,0,-16,-25,-29,-1,-18,-21,-19,-6,-24,-20,-13,-12,-24,-22,-17
0,-12,-15,-19,-21,1,-15,-23,-26,0,-16,-20,-18,-4,-21,-18,-11,-10,-20,-19,-16
0,-10,-13,-18,-20,6,-10,-21,-26,4,-13,-24,-26,0,-19,-25,-23,-7,-19,-23,-21
0,-10,-13,-19,-22,4,-13,-25,-30,1,-17,-26,-27,-5,-20,-24,-22,-12,-22,-25,-24
0,-18,-35,-52,-67,-28,-55,-76,-87,-32,-58,-73,-80,-40,-58,-67,-71,-49,-63,-68,-71
0,-17,-33,-49,-68,-41,-58,-67,-74,-49,-61,-69,-77,-58,-77,-92,-103,-66,-89,-98,-105
0,-10,-22,-36,-51,-31,-44,-51,-56,-38,-53,-60,-64,-45,-64,-68,-69,-53,-69,-70,-69
0,-10,-22,-36,-50,-29,-44,-52,-58,-36,-52,-60,-64,-42,-60,-60,-56,-50,-62,-59,-54
0,-10,-23,-36,-50,-27,-44,-54,-60,-32,-52,-61,-65,-36,-56,-58,-54,-41,-53,-50,-44
0,-14,-29,-45,-61,-33,-54,-69,-78,-37,-60,-73,-81,-41,-66,-76,-78,-46,-62,-65,-65
0,-16,-27,-34,-42,-37,-53,-62,-67,-34,-52,-64,-75,-31,-51,-61,-66,-28,-44,-49,-52
0,-6,-15,-25,-34,-8,-23,-33,-41,-13,-26,-31,-34,-19,-31,-30,-28,-27,-34,-31,-28
0,-12,-26,-40,-56,-31,-47,-58,-66,-35,-47,-57,-65,-40,-53,-64,-72,-46,-59,-66,-70
0,-14,-26,-38,-53,-30,-45,-54,-62,-36,-48,-60,-69,-41,-59,-74,-84,-46,-63,-69,-73
0,-17,-32,-46,-62,-40,-57,-68,-76,-45,-59,-72,-81,-49,-70,-86,-97,-53,-72,-79,-84
0,-16,-29,-42,-56,-33,-53,-65,-72,-38,-59,-70,-75,-43,-71,-78,-77,-49,-67,-69,-69
0,-12,-22,-32,-43,-23,-45,-58,-65,-27,-53,-60,-57,-34,-61,-62,-54,-41,-61,-61,-56
0,-16,-33,-48,-62,-29,-54,-68,-75,-30,-59,-65,-63,-33,-56,-52,-43,-37,-51,-47,-40
0,-16,-33,-48,-63,-35,-62,-78,-85,-37,-70,-77,-74,-40,-65,-59,-48,-44,-59,-54,-45
0,-16,-32,-47,-60,-34,-59,-73,-80,-35,-66,-70,-66,-37,-60,-52,-40,-41,-53,-46,-37
0,-14,-30,-44,-58,-28,-51,-65,-73,-29,-51,-53,-50,-31,-44,-35,-26,-35,-43,-36,-28
0,-13,-28,-41,-53,-25,-46,-61,-69,-25,-45,-49,-48,-27,-38,-32,-25,-32,-37,-32,-26
0,-11,-22,-33,-43,-18,-37,-49,-56,-19,-35,-39,-40,-21,-32,-30,-26,-25,-30,-28,-25
0,-16,-29,-41,-52,-18,-39,-51,-57,-18,-36,-41,-41,-21,-36,-34,-29,-25,-33,-30,-25
0,-18,-32,-46,-57,-17,-39,-52,-59,-18,-37,-41,-42,-21,-37,-34,-29,-27,-34,-30,-25
0,-17,-32,-46,-58,-17,-38,-51,-58,-17,-37,-41,-41,-21,-37,-33,-28,-27,-35,-31,-25
0,-26,-45,-62,-78,-36,-63,-79,-86,-34,-60,-71,-73,-35,-58,-64,-64,-39,-54,-57,-56
0,-22,-39,-56,-72,-25,-51,-68,-76,-24,-46,-57,-60,-27,-44,-50,-50,-32,-44,-48,-48
0,-39,-61,-77,-93,-43,-70,-89,-100,-35,-59,-74,-80,-30,-52,-61,-64,-28,-47,-52,-53
0,-59,-98,-123,-146,-121,-155,-168,-174,-102,-140,-153,-162,-82,-113,-125,-132,-65,-89,-100,-107
0,-14,-30,-44,-61,-36,-58,-73,-82,-42,-65,-78,-86,-48,-74,-85,-91,-54,-77,-83,-86
0,-20,-39,-57,-75,-45,-69,-84,-92,-46,-77,-87,-90,-49,-79,-85,-84,-52,-76,-80,-79
0,-26,-47,-65,-83,-51,-76,-89,-96,-48,-78,-86,-88,-47,-76,-80,-77,-47,-66,-68,-65
0,-27,-51,-71,-92,-62,-85,-100,-108,-57,-82,-90,-93,-52,-75,-79,-79,-49,-65,-66,-65
0,0,0,-3,-5,6,-2,-9,-12,1,-13,-20,-20,-5,-17,-22,-23,-11,-17,-19,-19
0,0,0,-1,-3,10,4,0,-1,5,-9,-17,-17,0,-15,-20,-19,-6,-14,-16,-16
0,0,1,0,-3,11,6,2,-1,6,-8,-14,-14,0,-14,-16,-12,-6,-15,-15,-13
0,0,0,-4,-6,11,0,-8,-13,7,-4,-10,-11,0,-10,-10,-7,-6,-13,-12,-9
0,-2,-6,-13,-17,3,-7,-16,-21,0,-12,-16,-17,-7,-18,-15,-11,-14,-22,-20,-16
0,-3,-9,-16,-21,1,-9,-17,-22,-2,-13,-16,-16,-7,-17,-14,-10,-14,-21,-18,-15
0,-6,-12,-19,-24,1,-11,-19,-24,-1,-15,-17,-16,-6,-18,-13,-7,-13,-18,-14,-10
0,-4,-9,-15,-19,3,-8,-15,-19,0,-13,-15,-13,-6,-17,-10,-4,-13,-17,-12,-7
0,-3,-5,-10,-13,6,-6,-12,-15,2,-12,-14,-11,-4,-18,-12,-4,-12,-18,-13,-6
0,-3,-6,-10,-13,5,-7,-14,-16,1,-12,-14,-11,-5,-19,-12,-4,-13,-19,-13,-7
0,-3,-4,-8,-10,9,-2,-10,-12,5,-6,-10,-7,-1,-13,-8,-1,-8,-14,-9,-3
0,-4,-5,-9,-10,9,-3,-10,-12,5,-7,-10,-7,0,-13,-7,0,-8,-14,-8,-2
0,-2,-3,-6,-8,7,-4,-11,-13,3,-8,-12,-9,-3,-13,-10,-4,-10,-15,-11,-5
0,-5,-9,-15,-19,2,-10,-18,-22,-1,-14,-19,-19,-7,-16,-16,-13,-14,-18,-17,-14
0,-9,-18,-28,-39,-17,-26,-33,-38,-22,-29,-36,-43,-28,-38,-48,-56,-34,-46,-52,-56
0,-14,-27,-39,-52,-29,-39,-44,-47,-30,-39,-45,-49,-32,-45,-53,-57,-35,-43,-45,-46
0,-11,-22,-33,-44,-25,-36,-40,-42,-26,-38,-43,-45,-27,-41,-43,-41,-29,-37,-37,-34
0,-7,-15,-24,-33,-15,-27,-35,-39,-18,-31,-37,-39,-22,-36,-36,-32,-26,-36,-33,-28
0,-6,-14,-22,-30,-15,-28,-36,-40,-18,-30,-36,-39,-22,-33,-34,-34,-26,-33,-31,-29
0,-7,-18,-28,-40,-20,-34,-43,-48,-24,-36,-42,-47,-27,-38,-41,-41,-31,-37,-35,-33
0,-8,-17,-25,-34,-20,-33,-41,-45,-22,-36,-43,-47,-25,-39,-43,-44,-28,-39,-39,-38
0,-9,-17,-25,-32,-14,-27,-35,-38,-15,-27,-33,-35,-17,-29,-32,-31,-20,-29,-29,-27
0,-13,-22,-30,-37,-14,-29,-39,-44,-13,-28,-34,-35,-15,-31,-31,-27,-16,-28,-27,-23
0,-8,-11,-15,-18,-2,-15,-22,-24,-3,-16,-19,-16,-7,-20,-17,-11,-12,-21,-18,-13
0,-9,-14,-18,-21,-5,-19,-23,-23,-7,-23,-24,-20,-10,-27,-24,-17,-14,-25,-25,-20
0,-28,-55,-79,-104,-76,-105,-122,-132,-74,-111,-120,-122,-73,-101,-103,-100,-72,-85,-79,-75
0,-11,-20,-29,-38,-20,-35,-46,-53,-22,-38,-48,-55,-26,-42,-46,-46,-30,-42,-43,-42
0,-11,-22,-31,-41,-22,-40,-51,-56,-24,-39,-46,-50,-27,-42,-44,-43,-31,-42,-41,-39
0,-15,-24,-31,-37,-21,-34,-40,-43,-20,-35,-41,-42,-20,-41,-43,-40,-21,-38,-41,-39
0,-15,-24,-31,-37,-21,-34,-40,-43,-20,-35,-41,-42,-20,-41,-43,-40,-21,-38,-41,-39
0,-15,-24,-31,-37,-21,-34,-40,-43,-20,-35,-41,-42,-20,-41,-43,-40,-21,-38,-41,-39
0,-12,-21,-29,-36,-19,-33,-36,-36,-20,-37,-39,-39,-23,-41,-42,-39,-26,-42,-47,-48
0,-10,-19,-27,-34,-12,-26,-32,-34,-12,-29,-34,-33,-15,-32,-33,-29,-18,-30,-34,-34
0,-8,-17,-25,-32,-17,-23,-24,-26,-18,-24,-25,-28,-20,-28,-28,-27,-23,-31,-33,-33
0,-7,-16,-24,-30,-14,-21,-24,-27,-15,-22,-24,-27,-18,-26,-26,-26,-20,-29,-30,-31
0,-7,-15,-24,-32,-15,-21,-25,-28,-17,-23,-26,-29,-19,-28,-29,-30,-21,-29,-31,-31
0,-5,-13,-22,-30,-8,-19,-27,-32,-12,-22,-26,-30,-16,-28,-29,-28,-21,-29,-29,-29
0,-7,-14,-23,-30,-10,-20,-27,-32,-13,-22,-28,-32,-16,-27,-30,-32,-20,-30,-34,-35
0,-8,-15,-23,-31,-6,-18,-27,-33,-7,-18,-24,-28,-11,-23,-25,-25,-16,-24,-24,-24
0,-8,-15,-23,-30,-7,-19,-28,-33,-10,-19,-25,-28,-14,-24,-26,-26,-19,-28,-29,-28
0,0,0,0,0,0,0,0,0,0,0,0,0,0,0,0,0,0,0,0,0
0,0,0,0,0,0,0,0,0,0,0,0,0,0,0,0,0,0,0,0,0
0,0,0,0,0,0,0,0,0,0,0,0,0,0,0,0,0,0,0,0,0
0,0,0,0,0,0,0,0,0,0,0,0,0,0,0,0,0,0,0,0,0
0,0,0,0,0,0,0,0,0,0,0,0,0,0,0,0,0,0,0,0,0
0,0,0,0,0,0,0,0,0,0,0,0,0,0,0,0,0,0,0,0,0
0,0,0,0,0,0,0,0,0,0,0,0,0,0,0,0,0,0,0,0,0
0,0,0,0,0,0,0,0,0,0,0,0,0,0,0,0,0,0,0,0,0
0,0,0,0,0,0,0,0,0,0,0,0,0,0,0,0,0,0,0,0,0
0,0,0,0,0,0,0,0,0,0,0,0,0,0,0,0,0,0,0,0,0
0,0,0,0,0,0,0,0,0,0,0,0,0,0,0,0,0,0,0,0,0
0,0,0,0,0,0,0,0,0,0,0,0,0,0,0,0,0,0,0,0,0
0,0,0,0,0,0,0,0,0,0,0,0,0,0,0,0,0,0,0,0,0
0,0,0,0,0,0,0,0,0,0,0,0,0,0,0,0,0,0,0,0,0
0,0,0,0,0,0,0,0,0,0,0,0,0,0,0,0,0,0,0,0,0
0,0,0,0,0,0,0,0,0,0,0,0,0,0,0,0,0,0,0,0,0
0,0,0,0,0,0,0,0,0,0,0,0,0,0,0,0,0,0,0,0,0
0,0,0,0,0,0,0,0,0,0,0,0,0,0,0,0,0,0,0,0,0
0,0,0,0,0,0,0,0,0,0,0,0,0,0,0,0,0,0,0,0,0
0,0,0,0,0,0,0,0,0,0,0,0,0,0,0,0,0,0,0,0,0
0,0,0,0,0,0,0,0,0,0,0,0,0,0,0,0,0,0,0,0,0
0,0,0,0,0,0,0,0,0,0,0,0,0,0,0,0,0,0,0,0,0
0,0,0,0,0,0,0,0,0,0,0,0,0,0,0,0,0,0,0,0,0
0,0,0,0,0,0,0,0,0,0,0,0,0,0,0,0,0,0,0,0,0
0,0,0,0,0,0,0,0,0,0,0,0,0,0,0,0,0,0,0,0,0
0,0,0,0,0,0,0,0,0,0,0,0,0,0,0,0,0,0,0,0,0
0,0,0,0,0,0,0,0,0,0,0,0,0,0,0,0,0,0,0,0,0
0,0,0,0,0,0,0,0,0,0,0,0,0,0,0,0,0,0,0,0,0
0,0,0,0,0,0,0,0,0,0,0,0,0,0,0,0,0,0,0,0,0
0,0,0,0,0,0,0,0,0,0,0,0,0,0,0,0,0,0,0,0,0
0,0,0,0,0,0,0,0,0,0,0,0,0,0,0,0,0,0,0,0,0
0,0,0,0,0,0,0,0,0,0,0,0,0,0,0,0,0,0,0,0,0
0,0,0,0,0,0,0,0,0,0,0,0,0,0,0,0,0,0,0,0,0
0,0,0,0,0,0,0,0,0,0,0,0,0,0,0,0,0,0,0,0,0
0,0,0,0,0,0,0,0,0,0,0,0,0,0,0,0,0,0,0,0,0
0,0,0,0,0,0,0,0,0,0,0,0,0,0,0,0,0,0,0,0,0
0,0,0,0,0,0,0,0,0,0,0,0,0,0,0,0,0,0,0,0,0
0,0,0,0,0,0,0,0,0,0,0,0,0,0,0,0,0,0,0,0,0
0,0,0,0,0,0,0,0,0,0,0,0,0,0,0,0,0,0,0,0,0
0,0,0,0,0,0,0,0,0,0,0,0,0,0,0,0,0,0,0,0,0
0,0,0,0,0,0,0,0,0,0,0,0,0,0,0,0,0,0,0,0,0
0,0,0,0,0,0,0,0,0,0,0,0,0,0,0,0,0,0,0,0,0
0,0,0,0,0,0,0,0,0,0,0,0,0,0,0,0,0,0,0,0,0
0,0,0,0,0,0,0,0,0,0,0,0,0,0,0,0,0,0,0,0,0
0,0,0,0,0,0,0,0,0,0,0,0,0,0,0,0,0,0,0,0,0
0,0,0,0,0,0,0,0,0,0,0,0,0,0,0,0,0,0,0,0,0
0,0,0,0,0,0,0,0,0,0,0,0,0,0,0,0,0,0,0,0,0
0,0,0,0,0,0,0,0,0,0,0,0,0,0,0,0,0,0,0,0,0
0,0,0,0,0,0,0,0,0,0,0,0,0,0,0,0,0,0,0,0,0
0,0,0,0,0,0,0,0,0,0,0,0,0,0,0,0,0,0,0,0,0
0,0,0,0,0,0,0,0,0,0,0,0,0,0,0,0,0,0,0,0,0
0,0,0,0,0,0,0,0,0,0,0,0,0,0,0,0,0,0,0,0,0
0,0,0,0,0,0,0,0,0,0,0,0,0,0,0,0,0,0,0,0,0
0,0,0,0,0,0,0,0,0,0,0,0,0,0,0,0,0,0,0,0,0
0,0,0,0,0,0,0,0,0,0,0,0,0,0,0,0,0,0,0,0,0
0,0,0,0,0,0,0,0,0,0,0,0,0,0,0,0,0,0,0,0,0
0,0,0,0,0,0,0,0,0,0,0,0,0,0,0,0,0,0,0,0,0
0,0,0,0,0,0,0,0,0,0,0,0,0,0,0,0,0,0,0,0,0
0,0,0,0,0,0,0,0,0,0,0,0,0,0,0,0,0,0,0,0,0
0,0,0,0,0,0,0,0,0,0,0,0,0,0,0,0,0,0,0,0,0
0,0,0,0,0,0,0,0,0,0,0,0,0,0,0,0,0,0,0,0,0
0,0,0,0,0,0,0,0,0,0,0,0,0,0,0,0,0,0,0,0,0
0,0,0,0,0,0,0,0,0,0,0,0,0,0,0,0,0,0,0,0,0
0,0,0,0,0,0,0,0,0,0,0,0,0,0,0,0,0,0,0,0,0
0,0,0,0,0,0,0,0,0,0,0,0,0,0,0,0,0,0,0,0,0
0,0,0,0,0,0,0,0,0,0,0,0,0,0,0,0,0,0,0,0,0
0,0,0,0,0,0,0,0,0,0,0,0,0,0,0,0,0,0,0,0,0
0,0,0,0,0,0,0,0,0,0,0,0,0,0,0,0,0,0,0,0,0
0,0,0,0,0,0,0,0,0,0,0,0,0,0,0,0,0,0,0,0,0
0,0,0,0,0,0,0,0,0,0,0,0,0,0,0,0,0,0,0,0,0
0,0,0,0,0,0,0,0,0,0,0,0,0,0,0,0,0,0,0,0,0
0,0,0,0,0,0,0,0,0,0,0,0,0,0,0,0,0,0,0,0,0
0,0,0,0,0,0,0,0,0,0,0,0,0,0,0,0,0,0,0,0,0
0,0,0,0,0,0,0,0,0,0,0,0,0,0,0,0,0,0,0,0,0
0,0,0,0,0,0,0,0,0,0,0,0,0,0,0,0,0,0,0,0,0
0,0,0,0,0,0,0,0,0,0,0,0,0,0,0,0,0,0,0,0,0
0,0,0,0,0,0,0,0,0,0,0,0,0,0,0,0,0,0,0,0,0
0,0,0,0,0,0,0,0,0,0,0,0,0,0,0,0,0,0,0,0,0
0,0,0,0,0,0,0,0,0,0,0,0,0,0,0,0,0,0,0,0,0
0,0,0,0,0,0,0,0,0,0,0,0,0,0,0,0,0,0,0,0,0
0,0,0,0,0,0,0,0,0,0,0,0,0,0,0,0,0,0,0,0,0
0,0,0,0,0,0,0,0,0,0,0,0,0,0,0,0,0,0,0,0,0
0,0,0,0,0,0,0,0,0,0,0,0,0,0,0,0,0,0,0,0,0
0,0,0,0,0,0,0,0,0,0,0,0,0,0,0,0,0,0,0,0,0
0,0,0,0,0,0,0,0,0,0,0,0,0,0,0,0,0,0,0,0,0
0,0,0,0,0,0,0,0,0,0,0,0,0,0,0,0,0,0,0,0,0
0,0,0,0,0,0,0,0,0,0,0,0,0,0,0,0,0,0,0,0,0
0,0,0,0,0,0,0,0,0,0,0,0,0,0,0,0,0,0,0,0,0
